Seconds,Bytes,Structure,Workload,Verb,Number,,,,GetRecord,,w1,w2,w3,w4,w5,w6,w7,w8,w9,w10,w11,w12,w13,w14,w15
1.01,92413,3-Level,w1,ListRecords,1,,w1||ListRecords,,,,w1|first|GetRecord,w2|first|GetRecord,w3|first|GetRecord,w4|first|GetRecord,w5|first|GetRecord,w6|first|GetRecord,w7|first|GetRecord,w8|first|GetRecord,w9|first|GetRecord,w10|first|GetRecord,w11|first|GetRecord,w12|first|GetRecord,w13|first|GetRecord,w14|first|GetRecord,w15|first|GetRecord
0.57,92413,3-Level,w1,ListRecords,1,,w1||ListRecords,,,first,,,,,,,,,,,,,,,
0.54,92413,3-Level,w1,ListRecords,1,,w1||ListRecords,,,last,,,,,,,,,,,,,,,
0.51,92413,3-Level,w1,ListRecords,1,,w1||ListRecords,,,,,,,,,,,,,,,,,,
0.53,92413,3-Level,w1,ListRecords,1,,w1||ListRecords,,,,,,,,,,,,,,,,,,
0.02,1068,3-Level,w1,ListIdentifiers,1,,w1||ListIdentifiers,,,,,,,,,,,,,,,,,,
0.02,1068,3-Level,w1,ListIdentifiers,1,,w1||ListIdentifiers,,,,,,,,,,,,,,,,,,
0.01,1068,3-Level,w1,ListIdentifiers,1,,w1||ListIdentifiers,,,,,,,,,,,,,,,,,,
0.02,1068,3-Level,w1,ListIdentifiers,1,,w1||ListIdentifiers,,,,,,,,,,,,,,,,,,
0.01,1068,3-Level,w1,ListIdentifiers,1,,w1||ListIdentifiers,,,,,,,,,,,,,,,,,,
0.01,530,3-Level,w1,ListSets,1,,w1||ListSets,,,,,,,,,,,,,,,,,,
0,530,3-Level,w1,ListSets,1,,w1||ListSets,,,,,,,,,,,,,,,,,,
0.02,529,3-Level,w1,ListSets,1,,w1||ListSets,,,,,,,,,,,,,,,,,,
0,529,3-Level,w1,ListSets,1,,w1||ListSets,,,,,,,,,,,,,,,,,,
0.02,529,3-Level,w1,ListSets,1,,w1||ListSets,,,,,,,,,,,,,,,,,,
0.01,1734,3-Level,w1,GetRecord,1,first,w1|first|GetRecord,,,,,,,,,,,,,,,,,,
0.02,1731,3-Level,w1,GetRecord,1,first,w1|first|GetRecord,,,,,,,,,,,,,,,,,,
0.01,1731,3-Level,w1,GetRecord,1,first,w1|first|GetRecord,,,,,,,,,,,,,,,,,,
0.02,1731,3-Level,w1,GetRecord,1,first,w1|first|GetRecord,,,,,,,,,,,,,,,,,,
0.02,1731,3-Level,w1,GetRecord,1,first,w1|first|GetRecord,,,,,,,,,,,,,,,,,,
0.01,1312,3-Level,w1,GetRecord,1,last,w1|last|GetRecord,,,,,,,,,,,,,,,,,,
0.02,1312,3-Level,w1,GetRecord,1,last,w1|last|GetRecord,,,,,,,,,,,,,,,,,,
0.02,1312,3-Level,w1,GetRecord,1,last,w1|last|GetRecord,,,,,,,,,,,,,,,,,,
0.02,1312,3-Level,w1,GetRecord,1,last,w1|last|GetRecord,,,,,,,,,,,,,,,,,,
0.02,1312,3-Level,w1,GetRecord,1,last,w1|last|GetRecord,,,,,,,,,,,,,,,,,,
1.54,188103,3-Level,w2,ListRecords,2,,w2||ListRecords,,,,,,,,,,,,,,,,,,
1.09,188104,3-Level,w2,ListRecords,2,,w2||ListRecords,,,,,,,,,,,,,,,,,,
1.08,188104,3-Level,w2,ListRecords,2,,w2||ListRecords,,,,,,,,,,,,,,,,,,
1.09,188104,3-Level,w2,ListRecords,2,,w2||ListRecords,,,,,,,,,,,,,,,,,,
1.08,188104,3-Level,w2,ListRecords,2,,w2||ListRecords,,,,,,,,,,,,,,,,,,
0.03,1659,3-Level,w2,ListIdentifiers,2,,w2||ListIdentifiers,,,,,,,,,,,,,,,,,,
0.03,1659,3-Level,w2,ListIdentifiers,2,,w2||ListIdentifiers,,,,,,,,,,,,,,,,,,
0.03,1659,3-Level,w2,ListIdentifiers,2,,w2||ListIdentifiers,,,,,,,,,,,,,,,,,,
0.03,1659,3-Level,w2,ListIdentifiers,2,,w2||ListIdentifiers,,,,,,,,,,,,,,,,,,
0.03,1658,3-Level,w2,ListIdentifiers,2,,w2||ListIdentifiers,,,,,,,,,,,,,,,,,,
0.01,587,3-Level,w2,ListSets,2,,w2||ListSets,,,,,,,,,,,,,,,,,,
0.02,588,3-Level,w2,ListSets,2,,w2||ListSets,,,,,,,,,,,,,,,,,,
0,588,3-Level,w2,ListSets,2,,w2||ListSets,,,,,,,,,,,,,,,,,,
0.02,587,3-Level,w2,ListSets,2,,w2||ListSets,,,,,,,,,,,,,,,,,,
0.01,588,3-Level,w2,ListSets,2,,w2||ListSets,,,,,,,,,,,,,,,,,,
0.02,641,3-Level,w2,GetRecord,2,first,w2|first|GetRecord,,,,,,,,,,,,,,,,,,
0.02,641,3-Level,w2,GetRecord,2,first,w2|first|GetRecord,,,,,,,,,,,,,,,,,,
0.02,642,3-Level,w2,GetRecord,2,first,w2|first|GetRecord,,,,,,,,,,,,,,,,,,
0.02,642,3-Level,w2,GetRecord,2,first,w2|first|GetRecord,,,,,,,,,,,,,,,,,,
0.02,641,3-Level,w2,GetRecord,2,first,w2|first|GetRecord,,,,,,,,,,,,,,,,,,
0.02,1312,3-Level,w2,GetRecord,2,last,w2|last|GetRecord,,,,,,,,,,,,,,,,,,
0.02,1312,3-Level,w2,GetRecord,2,last,w2|last|GetRecord,,,,,,,,,,,,,,,,,,
0.02,1312,3-Level,w2,GetRecord,2,last,w2|last|GetRecord,,,,,,,,,,,,,,,,,,
0.02,1312,3-Level,w2,GetRecord,2,last,w2|last|GetRecord,,,,,,,,,,,,,,,,,,
0.01,1312,3-Level,w2,GetRecord,2,last,w2|last|GetRecord,,,,,,,,,,,,,,,,,,
3.47,382582,3-Level,w3,ListRecords,3,,w3||ListRecords,,,,,,,,,,,,,,,,,,
2.19,382582,3-Level,w3,ListRecords,3,,w3||ListRecords,,,,,,,,,,,,,,,,,,
2.23,382582,3-Level,w3,ListRecords,3,,w3||ListRecords,,,,,,,,,,,,,,,,,,
2.22,382582,3-Level,w3,ListRecords,3,,w3||ListRecords,,,,,,,,,,,,,,,,,,
2.23,382582,3-Level,w3,ListRecords,3,,w3||ListRecords,,,,,,,,,,,,,,,,,,
0.07,2814,3-Level,w3,ListIdentifiers,3,,w3||ListIdentifiers,,,,,,,,,,,,,,,,,,
0.06,2814,3-Level,w3,ListIdentifiers,3,,w3||ListIdentifiers,,,,,,,,,,,,,,,,,,
0.06,2814,3-Level,w3,ListIdentifiers,3,,w3||ListIdentifiers,,,,,,,,,,,,,,,,,,
0.06,2813,3-Level,w3,ListIdentifiers,3,,w3||ListIdentifiers,,,,,,,,,,,,,,,,,,
0.06,2813,3-Level,w3,ListIdentifiers,3,,w3||ListIdentifiers,,,,,,,,,,,,,,,,,,
0.02,708,3-Level,w3,ListSets,3,,w3||ListSets,,,,,,,,,,,,,,,,,,
0.01,708,3-Level,w3,ListSets,3,,w3||ListSets,,,,,,,,,,,,,,,,,,
0.01,708,3-Level,w3,ListSets,3,,w3||ListSets,,,,,,,,,,,,,,,,,,
0.02,709,3-Level,w3,ListSets,3,,w3||ListSets,,,,,,,,,,,,,,,,,,
0.01,708,3-Level,w3,ListSets,3,,w3||ListSets,,,,,,,,,,,,,,,,,,
0.02,2929,3-Level,w3,GetRecord,3,first,w3|first|GetRecord,,,,,,,,,,,,,,,,,,
0.02,2929,3-Level,w3,GetRecord,3,first,w3|first|GetRecord,,,,,,,,,,,,,,,,,,
0.02,2929,3-Level,w3,GetRecord,3,first,w3|first|GetRecord,,,,,,,,,,,,,,,,,,
0.02,2929,3-Level,w3,GetRecord,3,first,w3|first|GetRecord,,,,,,,,,,,,,,,,,,
0.02,2928,3-Level,w3,GetRecord,3,first,w3|first|GetRecord,,,,,,,,,,,,,,,,,,
0.03,3365,3-Level,w3,GetRecord,3,last,w3|last|GetRecord,,,,,,,,,,,,,,,,,,
0.02,3362,3-Level,w3,GetRecord,3,last,w3|last|GetRecord,,,,,,,,,,,,,,,,,,
0.01,3362,3-Level,w3,GetRecord,3,last,w3|last|GetRecord,,,,,,,,,,,,,,,,,,
0.03,3365,3-Level,w3,GetRecord,3,last,w3|last|GetRecord,,,,,,,,,,,,,,,,,,
0.02,3365,3-Level,w3,GetRecord,3,last,w3|last|GetRecord,,,,,,,,,,,,,,,,,,
4.49,754623,3-Level,w4,ListRecords,4,,w4||ListRecords,,,,,,,,,,,,,,,,,,
4.55,754623,3-Level,w4,ListRecords,4,,w4||ListRecords,,,,,,,,,,,,,,,,,,
4.66,754623,3-Level,w4,ListRecords,4,,w4||ListRecords,,,,,,,,,,,,,,,,,,
4.75,754623,3-Level,w4,ListRecords,4,,w4||ListRecords,,,,,,,,,,,,,,,,,,
4.67,754623,3-Level,w4,ListRecords,4,,w4||ListRecords,,,,,,,,,,,,,,,,,,
0.17,5039,3-Level,w4,ListIdentifiers,4,,w4||ListIdentifiers,,,,,,,,,,,,,,,,,,
0.16,5040,3-Level,w4,ListIdentifiers,4,,w4||ListIdentifiers,,,,,,,,,,,,,,,,,,
0.18,5039,3-Level,w4,ListIdentifiers,4,,w4||ListIdentifiers,,,,,,,,,,,,,,,,,,
0.17,5040,3-Level,w4,ListIdentifiers,4,,w4||ListIdentifiers,,,,,,,,,,,,,,,,,,
0.17,5040,3-Level,w4,ListIdentifiers,4,,w4||ListIdentifiers,,,,,,,,,,,,,,,,,,
0.02,840,3-Level,w4,ListSets,4,,w4||ListSets,,,,,,,,,,,,,,,,,,
0.01,839,3-Level,w4,ListSets,4,,w4||ListSets,,,,,,,,,,,,,,,,,,
0.01,838,3-Level,w4,ListSets,4,,w4||ListSets,,,,,,,,,,,,,,,,,,
0.02,839,3-Level,w4,ListSets,4,,w4||ListSets,,,,,,,,,,,,,,,,,,
0.02,839,3-Level,w4,ListSets,4,,w4||ListSets,,,,,,,,,,,,,,,,,,
0.03,1683,3-Level,w4,GetRecord,4,first,w4|first|GetRecord,,,,,,,,,,,,,,,,,,
0.03,1683,3-Level,w4,GetRecord,4,first,w4|first|GetRecord,,,,,,,,,,,,,,,,,,
0.02,1681,3-Level,w4,GetRecord,4,first,w4|first|GetRecord,,,,,,,,,,,,,,,,,,
0.02,1682,3-Level,w4,GetRecord,4,first,w4|first|GetRecord,,,,,,,,,,,,,,,,,,
0.03,1681,3-Level,w4,GetRecord,4,first,w4|first|GetRecord,,,,,,,,,,,,,,,,,,
0.03,1869,3-Level,w4,GetRecord,4,last,w4|last|GetRecord,,,,,,,,,,,,,,,,,,
0.03,1869,3-Level,w4,GetRecord,4,last,w4|last|GetRecord,,,,,,,,,,,,,,,,,,
0.02,1869,3-Level,w4,GetRecord,4,last,w4|last|GetRecord,,,,,,,,,,,,,,,,,,
0.03,1868,3-Level,w4,GetRecord,4,last,w4|last|GetRecord,,,,,,,,,,,,,,,,,,
0.03,1869,3-Level,w4,GetRecord,4,last,w4|last|GetRecord,,,,,,,,,,,,,,,,,,
7.6,931487,3-Level,w5,ListRecords,5,,w5||ListRecords,,,,,,,,,,,,,,,,,,
6.07,931487,3-Level,w5,ListRecords,5,,w5||ListRecords,,,,,,,,,,,,,,,,,,
6.26,931487,3-Level,w5,ListRecords,5,,w5||ListRecords,,,,,,,,,,,,,,,,,,
6.17,931484,3-Level,w5,ListRecords,5,,w5||ListRecords,,,,,,,,,,,,,,,,,,
6.29,931487,3-Level,w5,ListRecords,5,,w5||ListRecords,,,,,,,,,,,,,,,,,,
0.39,6602,3-Level,w5,ListIdentifiers,5,,w5||ListIdentifiers,,,,,,,,,,,,,,,,,,
0.39,6602,3-Level,w5,ListIdentifiers,5,,w5||ListIdentifiers,,,,,,,,,,,,,,,,,,
0.4,6602,3-Level,w5,ListIdentifiers,5,,w5||ListIdentifiers,,,,,,,,,,,,,,,,,,
0.39,6602,3-Level,w5,ListIdentifiers,5,,w5||ListIdentifiers,,,,,,,,,,,,,,,,,,
0.39,6602,3-Level,w5,ListIdentifiers,5,,w5||ListIdentifiers,,,,,,,,,,,,,,,,,,
0.02,1069,3-Level,w5,ListSets,5,,w5||ListSets,,,,,,,,,,,,,,,,,,
0.02,1069,3-Level,w5,ListSets,5,,w5||ListSets,,,,,,,,,,,,,,,,,,
0.02,1068,3-Level,w5,ListSets,5,,w5||ListSets,,,,,,,,,,,,,,,,,,
0.02,1068,3-Level,w5,ListSets,5,,w5||ListSets,,,,,,,,,,,,,,,,,,
0.02,1069,3-Level,w5,ListSets,5,,w5||ListSets,,,,,,,,,,,,,,,,,,
0.04,1868,3-Level,w5,GetRecord,5,first,w5|first|GetRecord,,,,,,,,,,,,,,,,,,
0.03,1868,3-Level,w5,GetRecord,5,first,w5|first|GetRecord,,,,,,,,,,,,,,,,,,
0.03,1868,3-Level,w5,GetRecord,5,first,w5|first|GetRecord,,,,,,,,,,,,,,,,,,
0.04,1868,3-Level,w5,GetRecord,5,first,w5|first|GetRecord,,,,,,,,,,,,,,,,,,
0.04,1868,3-Level,w5,GetRecord,5,first,w5|first|GetRecord,,,,,,,,,,,,,,,,,,
0.03,1868,3-Level,w5,GetRecord,5,last,w5|last|GetRecord,,,,,,,,,,,,,,,,,,
0.04,1868,3-Level,w5,GetRecord,5,last,w5|last|GetRecord,,,,,,,,,,,,,,,,,,
0.04,1868,3-Level,w5,GetRecord,5,last,w5|last|GetRecord,,,,,,,,,,,,,,,,,,
0.03,1868,3-Level,w5,GetRecord,5,last,w5|last|GetRecord,,,,,,,,,,,,,,,,,,
0.04,1868,3-Level,w5,GetRecord,5,last,w5|last|GetRecord,,,,,,,,,,,,,,,,,,
6.6,956750,3-Level,w6,ListRecords,6,,w6||ListRecords,,,,,,,,,,,,,,,,,,
6.68,956750,3-Level,w6,ListRecords,6,,w6||ListRecords,,,,,,,,,,,,,,,,,,
6.62,956750,3-Level,w6,ListRecords,6,,w6||ListRecords,,,,,,,,,,,,,,,,,,
6.69,956750,3-Level,w6,ListRecords,6,,w6||ListRecords,,,,,,,,,,,,,,,,,,
6.6,956750,3-Level,w6,ListRecords,6,,w6||ListRecords,,,,,,,,,,,,,,,,,,
0.76,6993,3-Level,w6,ListIdentifiers,6,,w6||ListIdentifiers,,,,,,,,,,,,,,,,,,
0.77,6994,3-Level,w6,ListIdentifiers,6,,w6||ListIdentifiers,,,,,,,,,,,,,,,,,,
0.76,6994,3-Level,w6,ListIdentifiers,6,,w6||ListIdentifiers,,,,,,,,,,,,,,,,,,
0.77,6994,3-Level,w6,ListIdentifiers,6,,w6||ListIdentifiers,,,,,,,,,,,,,,,,,,
0.76,6993,3-Level,w6,ListIdentifiers,6,,w6||ListIdentifiers,,,,,,,,,,,,,,,,,,
0.03,1433,3-Level,w6,ListSets,6,,w6||ListSets,,,,,,,,,,,,,,,,,,
0.03,1433,3-Level,w6,ListSets,6,,w6||ListSets,,,,,,,,,,,,,,,,,,
0.03,1433,3-Level,w6,ListSets,6,,w6||ListSets,,,,,,,,,,,,,,,,,,
0.03,1433,3-Level,w6,ListSets,6,,w6||ListSets,,,,,,,,,,,,,,,,,,
0.03,1433,3-Level,w6,ListSets,6,,w6||ListSets,,,,,,,,,,,,,,,,,,
0.48,1868,3-Level,w6,GetRecord,6,first,w6|first|GetRecord,,,,,,,,,,,,,,,,,,
0.06,1868,3-Level,w6,GetRecord,6,first,w6|first|GetRecord,,,,,,,,,,,,,,,,,,
0.05,1869,3-Level,w6,GetRecord,6,first,w6|first|GetRecord,,,,,,,,,,,,,,,,,,
0.06,1868,3-Level,w6,GetRecord,6,first,w6|first|GetRecord,,,,,,,,,,,,,,,,,,
0.05,1868,3-Level,w6,GetRecord,6,first,w6|first|GetRecord,,,,,,,,,,,,,,,,,,
0.05,2490,3-Level,w6,GetRecord,6,last,w6|last|GetRecord,,,,,,,,,,,,,,,,,,
0.05,2490,3-Level,w6,GetRecord,6,last,w6|last|GetRecord,,,,,,,,,,,,,,,,,,
0.05,2489,3-Level,w6,GetRecord,6,last,w6|last|GetRecord,,,,,,,,,,,,,,,,,,
0.06,2489,3-Level,w6,GetRecord,6,last,w6|last|GetRecord,,,,,,,,,,,,,,,,,,
0.06,2490,3-Level,w6,GetRecord,6,last,w6|last|GetRecord,,,,,,,,,,,,,,,,,,
8.44,117630,3-Level,w7,ListRecords,7,,w7||ListRecords,,,,,,,,,,,,,,,,,,
7.12,117630,3-Level,w7,ListRecords,7,,w7||ListRecords,,,,,,,,,,,,,,,,,,
7.08,117630,3-Level,w7,ListRecords,7,,w7||ListRecords,,,,,,,,,,,,,,,,,,
7.02,117630,3-Level,w7,ListRecords,7,,w7||ListRecords,,,,,,,,,,,,,,,,,,
7.07,117630,3-Level,w7,ListRecords,7,,w7||ListRecords,,,,,,,,,,,,,,,,,,
1.58,4997,3-Level,w7,ListIdentifiers,7,,w7||ListIdentifiers,,,,,,,,,,,,,,,,,,
1.57,4997,3-Level,w7,ListIdentifiers,7,,w7||ListIdentifiers,,,,,,,,,,,,,,,,,,
1.59,4997,3-Level,w7,ListIdentifiers,7,,w7||ListIdentifiers,,,,,,,,,,,,,,,,,,
1.58,4997,3-Level,w7,ListIdentifiers,7,,w7||ListIdentifiers,,,,,,,,,,,,,,,,,,
1.58,4997,3-Level,w7,ListIdentifiers,7,,w7||ListIdentifiers,,,,,,,,,,,,,,,,,,
0.09,7187,3-Level,w7,ListSets,7,,w7||ListSets,,,,,,,,,,,,,,,,,,
0.08,7187,3-Level,w7,ListSets,7,,w7||ListSets,,,,,,,,,,,,,,,,,,
0.09,7187,3-Level,w7,ListSets,7,,w7||ListSets,,,,,,,,,,,,,,,,,,
0.08,7187,3-Level,w7,ListSets,7,,w7||ListSets,,,,,,,,,,,,,,,,,,
0.09,7187,3-Level,w7,ListSets,7,,w7||ListSets,,,,,,,,,,,,,,,,,,
0.12,480,3-Level,w7,GetRecord,7,first,w7|first|GetRecord,,,,,,,,,,,,,,,,,,
0.11,480,3-Level,w7,GetRecord,7,first,w7|first|GetRecord,,,,,,,,,,,,,,,,,,
0.12,480,3-Level,w7,GetRecord,7,first,w7|first|GetRecord,,,,,,,,,,,,,,,,,,
0.11,480,3-Level,w7,GetRecord,7,first,w7|first|GetRecord,,,,,,,,,,,,,,,,,,
0.12,480,3-Level,w7,GetRecord,7,first,w7|first|GetRecord,,,,,,,,,,,,,,,,,,
0.15,2491,3-Level,w7,GetRecord,7,last,w7|last|GetRecord,,,,,,,,,,,,,,,,,,
0.12,2491,3-Level,w7,GetRecord,7,last,w7|last|GetRecord,,,,,,,,,,,,,,,,,,
0.12,2490,3-Level,w7,GetRecord,7,last,w7|last|GetRecord,,,,,,,,,,,,,,,,,,
0.11,2491,3-Level,w7,GetRecord,7,last,w7|last|GetRecord,,,,,,,,,,,,,,,,,,
0.12,2490,3-Level,w7,GetRecord,7,last,w7|last|GetRecord,,,,,,,,,,,,,,,,,,
16.95,141604,3-Level,w8,ListRecords,8,,w8||ListRecords,,,,,,,,,,,,,,,,,,
8.75,141608,3-Level,w8,ListRecords,8,,w8||ListRecords,,,,,,,,,,,,,,,,,,
8.74,141608,3-Level,w8,ListRecords,8,,w8||ListRecords,,,,,,,,,,,,,,,,,,
8.77,141608,3-Level,w8,ListRecords,8,,w8||ListRecords,,,,,,,,,,,,,,,,,,
8.72,141608,3-Level,w8,ListRecords,8,,w8||ListRecords,,,,,,,,,,,,,,,,,,
3.18,4893,3-Level,w8,ListIdentifiers,8,,w8||ListIdentifiers,,,,,,,,,,,,,,,,,,
3.21,4893,3-Level,w8,ListIdentifiers,8,,w8||ListIdentifiers,,,,,,,,,,,,,,,,,,
3.2,4893,3-Level,w8,ListIdentifiers,8,,w8||ListIdentifiers,,,,,,,,,,,,,,,,,,
3.22,4890,3-Level,w8,ListIdentifiers,8,,w8||ListIdentifiers,,,,,,,,,,,,,,,,,,
3.18,4892,3-Level,w8,ListIdentifiers,8,,w8||ListIdentifiers,,,,,,,,,,,,,,,,,,
0.19,15618,3-Level,w8,ListSets,8,,w8||ListSets,,,,,,,,,,,,,,,,,,
0.18,15618,3-Level,w8,ListSets,8,,w8||ListSets,,,,,,,,,,,,,,,,,,
0.17,15618,3-Level,w8,ListSets,8,,w8||ListSets,,,,,,,,,,,,,,,,,,
0.18,15618,3-Level,w8,ListSets,8,,w8||ListSets,,,,,,,,,,,,,,,,,,
0.17,15618,3-Level,w8,ListSets,8,,w8||ListSets,,,,,,,,,,,,,,,,,,
0.22,474,3-Level,w8,GetRecord,8,first,w8|first|GetRecord,,,,,,,,,,,,,,,,,,
0.22,474,3-Level,w8,GetRecord,8,first,w8|first|GetRecord,,,,,,,,,,,,,,,,,,
0.23,475,3-Level,w8,GetRecord,8,first,w8|first|GetRecord,,,,,,,,,,,,,,,,,,
0.22,475,3-Level,w8,GetRecord,8,first,w8|first|GetRecord,,,,,,,,,,,,,,,,,,
0.22,475,3-Level,w8,GetRecord,8,first,w8|first|GetRecord,,,,,,,,,,,,,,,,,,
0.25,2490,3-Level,w8,GetRecord,8,last,w8|last|GetRecord,,,,,,,,,,,,,,,,,,
0.22,2492,3-Level,w8,GetRecord,8,last,w8|last|GetRecord,,,,,,,,,,,,,,,,,,
0.22,2490,3-Level,w8,GetRecord,8,last,w8|last|GetRecord,,,,,,,,,,,,,,,,,,
0.23,2490,3-Level,w8,GetRecord,8,last,w8|last|GetRecord,,,,,,,,,,,,,,,,,,
0.22,2490,3-Level,w8,GetRecord,8,last,w8|last|GetRecord,,,,,,,,,,,,,,,,,,
23.2,192627,3-Level,w9,ListRecords,9,,w9||ListRecords,,,,,,,,,,,,,,,,,,
12.08,192627,3-Level,w9,ListRecords,9,,w9||ListRecords,,,,,,,,,,,,,,,,,,
12.27,192627,3-Level,w9,ListRecords,9,,w9||ListRecords,,,,,,,,,,,,,,,,,,
12.21,192627,3-Level,w9,ListRecords,9,,w9||ListRecords,,,,,,,,,,,,,,,,,,
12.3,192627,3-Level,w9,ListRecords,9,,w9||ListRecords,,,,,,,,,,,,,,,,,,
6.5,6002,3-Level,w9,ListIdentifiers,9,,w9||ListIdentifiers,,,,,,,,,,,,,,,,,,
6.56,6002,3-Level,w9,ListIdentifiers,9,,w9||ListIdentifiers,,,,,,,,,,,,,,,,,,
6.53,6002,3-Level,w9,ListIdentifiers,9,,w9||ListIdentifiers,,,,,,,,,,,,,,,,,,
6.6,6002,3-Level,w9,ListIdentifiers,9,,w9||ListIdentifiers,,,,,,,,,,,,,,,,,,
6.54,6001,3-Level,w9,ListIdentifiers,9,,w9||ListIdentifiers,,,,,,,,,,,,,,,,,,
0.32,25949,3-Level,w9,ListSets,9,,w9||ListSets,,,,,,,,,,,,,,,,,,
0.3,25950,3-Level,w9,ListSets,9,,w9||ListSets,,,,,,,,,,,,,,,,,,
0.31,25949,3-Level,w9,ListSets,9,,w9||ListSets,,,,,,,,,,,,,,,,,,
0.31,25950,3-Level,w9,ListSets,9,,w9||ListSets,,,,,,,,,,,,,,,,,,
0.3,25950,3-Level,w9,ListSets,9,,w9||ListSets,,,,,,,,,,,,,,,,,,
0.41,1575,3-Level,w9,GetRecord,9,first,w9|first|GetRecord,,,,,,,,,,,,,,,,,,
0.41,1575,3-Level,w9,GetRecord,9,first,w9|first|GetRecord,,,,,,,,,,,,,,,,,,
0.42,1575,3-Level,w9,GetRecord,9,first,w9|first|GetRecord,,,,,,,,,,,,,,,,,,
0.41,1574,3-Level,w9,GetRecord,9,first,w9|first|GetRecord,,,,,,,,,,,,,,,,,,
0.41,1575,3-Level,w9,GetRecord,9,first,w9|first|GetRecord,,,,,,,,,,,,,,,,,,
0.42,2490,3-Level,w9,GetRecord,9,last,w9|last|GetRecord,,,,,,,,,,,,,,,,,,
0.42,2490,3-Level,w9,GetRecord,9,last,w9|last|GetRecord,,,,,,,,,,,,,,,,,,
0.4,2490,3-Level,w9,GetRecord,9,last,w9|last|GetRecord,,,,,,,,,,,,,,,,,,
0.41,2490,3-Level,w9,GetRecord,9,last,w9|last|GetRecord,,,,,,,,,,,,,,,,,,
0.41,2490,3-Level,w9,GetRecord,9,last,w9|last|GetRecord,,,,,,,,,,,,,,,,,,
39.88,216085,3-Level,w10,ListRecords,10,,w10||ListRecords,,,,,,,,,,,,,,,,,,
19.28,216086,3-Level,w10,ListRecords,10,,w10||ListRecords,,,,,,,,,,,,,,,,,,
20.04,216085,3-Level,w10,ListRecords,10,,w10||ListRecords,,,,,,,,,,,,,,,,,,
19.4,216085,3-Level,w10,ListRecords,10,,w10||ListRecords,,,,,,,,,,,,,,,,,,
20.16,216084,3-Level,w10,ListRecords,10,,w10||ListRecords,,,,,,,,,,,,,,,,,,
13.45,4696,3-Level,w10,ListIdentifiers,10,,w10||ListIdentifiers,,,,,,,,,,,,,,,,,,
13.95,4696,3-Level,w10,ListIdentifiers,10,,w10||ListIdentifiers,,,,,,,,,,,,,,,,,,
13.84,4696,3-Level,w10,ListIdentifiers,10,,w10||ListIdentifiers,,,,,,,,,,,,,,,,,,
14.05,4695,3-Level,w10,ListIdentifiers,10,,w10||ListIdentifiers,,,,,,,,,,,,,,,,,,
13.87,4694,3-Level,w10,ListIdentifiers,10,,w10||ListIdentifiers,,,,,,,,,,,,,,,,,,
0.61,45749,3-Level,w10,ListSets,10,,w10||ListSets,,,,,,,,,,,,,,,,,,
0.59,45750,3-Level,w10,ListSets,10,,w10||ListSets,,,,,,,,,,,,,,,,,,
0.57,45750,3-Level,w10,ListSets,10,,w10||ListSets,,,,,,,,,,,,,,,,,,
0.58,45749,3-Level,w10,ListSets,10,,w10||ListSets,,,,,,,,,,,,,,,,,,
0.59,45750,3-Level,w10,ListSets,10,,w10||ListSets,,,,,,,,,,,,,,,,,,
0.82,599,3-Level,w10,GetRecord,10,first,w10|first|GetRecord,,,,,,,,,,,,,,,,,,
0.8,598,3-Level,w10,GetRecord,10,first,w10|first|GetRecord,,,,,,,,,,,,,,,,,,
0.79,598,3-Level,w10,GetRecord,10,first,w10|first|GetRecord,,,,,,,,,,,,,,,,,,
0.8,598,3-Level,w10,GetRecord,10,first,w10|first|GetRecord,,,,,,,,,,,,,,,,,,
0.8,599,3-Level,w10,GetRecord,10,first,w10|first|GetRecord,,,,,,,,,,,,,,,,,,
0.81,589,3-Level,w10,GetRecord,10,last,w10|last|GetRecord,,,,,,,,,,,,,,,,,,
0.8,588,3-Level,w10,GetRecord,10,last,w10|last|GetRecord,,,,,,,,,,,,,,,,,,
0.8,589,3-Level,w10,GetRecord,10,last,w10|last|GetRecord,,,,,,,,,,,,,,,,,,
0.79,589,3-Level,w10,GetRecord,10,last,w10|last|GetRecord,,,,,,,,,,,,,,,,,,
0.8,588,3-Level,w10,GetRecord,10,last,w10|last|GetRecord,,,,,,,,,,,,,,,,,,
75.2,216107,3-Level,w11,ListRecords,11,,w11||ListRecords,,,,,,,,,,,,,,,,,,
33.66,216111,3-Level,w11,ListRecords,11,,w11||ListRecords,,,,,,,,,,,,,,,,,,
36.3,216111,3-Level,w11,ListRecords,11,,w11||ListRecords,,,,,,,,,,,,,,,,,,
35.01,216108,3-Level,w11,ListRecords,11,,w11||ListRecords,,,,,,,,,,,,,,,,,,
37.31,216109,3-Level,w11,ListRecords,11,,w11||ListRecords,,,,,,,,,,,,,,,,,,
28.43,4773,3-Level,w11,ListIdentifiers,11,,w11||ListIdentifiers,,,,,,,,,,,,,,,,,,
31.56,4773,3-Level,w11,ListIdentifiers,11,,w11||ListIdentifiers,,,,,,,,,,,,,,,,,,
29.43,4773,3-Level,w11,ListIdentifiers,11,,w11||ListIdentifiers,,,,,,,,,,,,,,,,,,
31.93,4773,3-Level,w11,ListIdentifiers,11,,w11||ListIdentifiers,,,,,,,,,,,,,,,,,,
29.71,4773,3-Level,w11,ListIdentifiers,11,,w11||ListIdentifiers,,,,,,,,,,,,,,,,,,
1.1,75386,3-Level,w11,ListSets,11,,w11||ListSets,,,,,,,,,,,,,,,,,,
1.06,75386,3-Level,w11,ListSets,11,,w11||ListSets,,,,,,,,,,,,,,,,,,
1.05,75386,3-Level,w11,ListSets,11,,w11||ListSets,,,,,,,,,,,,,,,,,,
1.06,75386,3-Level,w11,ListSets,11,,w11||ListSets,,,,,,,,,,,,,,,,,,
1.06,75386,3-Level,w11,ListSets,11,,w11||ListSets,,,,,,,,,,,,,,,,,,
1.55,599,3-Level,w11,GetRecord,11,first,w11|first|GetRecord,,,,,,,,,,,,,,,,,,
1.54,600,3-Level,w11,GetRecord,11,first,w11|first|GetRecord,,,,,,,,,,,,,,,,,,
1.54,599,3-Level,w11,GetRecord,11,first,w11|first|GetRecord,,,,,,,,,,,,,,,,,,
1.53,599,3-Level,w11,GetRecord,11,first,w11|first|GetRecord,,,,,,,,,,,,,,,,,,
1.53,599,3-Level,w11,GetRecord,11,first,w11|first|GetRecord,,,,,,,,,,,,,,,,,,
1.56,589,3-Level,w11,GetRecord,11,last,w11|last|GetRecord,,,,,,,,,,,,,,,,,,
1.54,589,3-Level,w11,GetRecord,11,last,w11|last|GetRecord,,,,,,,,,,,,,,,,,,
1.54,589,3-Level,w11,GetRecord,11,last,w11|last|GetRecord,,,,,,,,,,,,,,,,,,
1.53,589,3-Level,w11,GetRecord,11,last,w11|last|GetRecord,,,,,,,,,,,,,,,,,,
1.54,589,3-Level,w11,GetRecord,11,last,w11|last|GetRecord,,,,,,,,,,,,,,,,,,
125.22,806065,3-Level,w12,ListRecords,12,,w12||ListRecords,,,,,,,,,,,,,,,,,,
70.71,806067,3-Level,w12,ListRecords,12,,w12||ListRecords,,,,,,,,,,,,,,,,,,
74.68,806067,3-Level,w12,ListRecords,12,,w12||ListRecords,,,,,,,,,,,,,,,,,,
72.69,806061,3-Level,w12,ListRecords,12,,w12||ListRecords,,,,,,,,,,,,,,,,,,
76.85,806067,3-Level,w12,ListRecords,12,,w12||ListRecords,,,,,,,,,,,,,,,,,,
64.42,5000,3-Level,w12,ListIdentifiers,12,,w12||ListIdentifiers,,,,,,,,,,,,,,,,,,
69.74,5000,3-Level,w12,ListIdentifiers,12,,w12||ListIdentifiers,,,,,,,,,,,,,,,,,,
65.43,5000,3-Level,w12,ListIdentifiers,12,,w12||ListIdentifiers,,,,,,,,,,,,,,,,,,
69.02,4998,3-Level,w12,ListIdentifiers,12,,w12||ListIdentifiers,,,,,,,,,,,,,,,,,,
64.94,5000,3-Level,w12,ListIdentifiers,12,,w12||ListIdentifiers,,,,,,,,,,,,,,,,,,
1.97,117632,3-Level,w12,ListSets,12,,w12||ListSets,,,,,,,,,,,,,,,,,,
1.91,117632,3-Level,w12,ListSets,12,,w12||ListSets,,,,,,,,,,,,,,,,,,
1.89,117632,3-Level,w12,ListSets,12,,w12||ListSets,,,,,,,,,,,,,,,,,,
1.9,117632,3-Level,w12,ListSets,12,,w12||ListSets,,,,,,,,,,,,,,,,,,
1.89,117632,3-Level,w12,ListSets,12,,w12||ListSets,,,,,,,,,,,,,,,,,,
3,5399,3-Level,w12,GetRecord,12,first,w12|first|GetRecord,,,,,,,,,,,,,,,,,,
2.95,5400,3-Level,w12,GetRecord,12,first,w12|first|GetRecord,,,,,,,,,,,,,,,,,,
2.99,5399,3-Level,w12,GetRecord,12,first,w12|first|GetRecord,,,,,,,,,,,,,,,,,,
2.97,5400,3-Level,w12,GetRecord,12,first,w12|first|GetRecord,,,,,,,,,,,,,,,,,,
2.98,5400,3-Level,w12,GetRecord,12,first,w12|first|GetRecord,,,,,,,,,,,,,,,,,,
2.97,588,3-Level,w12,GetRecord,12,last,w12|last|GetRecord,,,,,,,,,,,,,,,,,,
2.98,589,3-Level,w12,GetRecord,12,last,w12|last|GetRecord,,,,,,,,,,,,,,,,,,
2.96,589,3-Level,w12,GetRecord,12,last,w12|last|GetRecord,,,,,,,,,,,,,,,,,,
3,587,3-Level,w12,GetRecord,12,last,w12|last|GetRecord,,,,,,,,,,,,,,,,,,
2.98,589,3-Level,w12,GetRecord,12,last,w12|last|GetRecord,,,,,,,,,,,,,,,,,,
412.75,806115,3-Level,w13,ListRecords,13,,w13||ListRecords,,,,,,,,,,,,,,,,,,
149.6,806115,3-Level,w13,ListRecords,13,,w13||ListRecords,,,,,,,,,,,,,,,,,,
167.57,806114,3-Level,w13,ListRecords,13,,w13||ListRecords,,,,,,,,,,,,,,,,,,
152.7,806115,3-Level,w13,ListRecords,13,,w13||ListRecords,,,,,,,,,,,,,,,,,,
173.08,806114,3-Level,w13,ListRecords,13,,w13||ListRecords,,,,,,,,,,,,,,,,,,
147.76,5017,3-Level,w13,ListIdentifiers,13,,w13||ListIdentifiers,,,,,,,,,,,,,,,,,,
155,5018,3-Level,w13,ListIdentifiers,13,,w13||ListIdentifiers,,,,,,,,,,,,,,,,,,
138.64,5017,3-Level,w13,ListIdentifiers,13,,w13||ListIdentifiers,,,,,,,,,,,,,,,,,,
168.57,5017,3-Level,w13,ListIdentifiers,13,,w13||ListIdentifiers,,,,,,,,,,,,,,,,,,
148.15,5017,3-Level,w13,ListIdentifiers,13,,w13||ListIdentifiers,,,,,,,,,,,,,,,,,,
4.6,232706,3-Level,w13,ListSets,13,,w13||ListSets,,,,,,,,,,,,,,,,,,
4.09,232706,3-Level,w13,ListSets,13,,w13||ListSets,,,,,,,,,,,,,,,,,,
3.89,232705,3-Level,w13,ListSets,13,,w13||ListSets,,,,,,,,,,,,,,,,,,
3.91,232706,3-Level,w13,ListSets,13,,w13||ListSets,,,,,,,,,,,,,,,,,,
3.9,232706,3-Level,w13,ListSets,13,,w13||ListSets,,,,,,,,,,,,,,,,,,
6.13,5400,3-Level,w13,GetRecord,13,first,w13|first|GetRecord,,,,,,,,,,,,,,,,,,
6.15,5400,3-Level,w13,GetRecord,13,first,w13|first|GetRecord,,,,,,,,,,,,,,,,,,
6.17,5399,3-Level,w13,GetRecord,13,first,w13|first|GetRecord,,,,,,,,,,,,,,,,,,
6.16,5396,3-Level,w13,GetRecord,13,first,w13|first|GetRecord,,,,,,,,,,,,,,,,,,
6.16,5399,3-Level,w13,GetRecord,13,first,w13|first|GetRecord,,,,,,,,,,,,,,,,,,
6.24,588,3-Level,w13,GetRecord,13,last,w13|last|GetRecord,,,,,,,,,,,,,,,,,,
6.2,589,3-Level,w13,GetRecord,13,last,w13|last|GetRecord,,,,,,,,,,,,,,,,,,
6.14,589,3-Level,w13,GetRecord,13,last,w13|last|GetRecord,,,,,,,,,,,,,,,,,,
6.15,589,3-Level,w13,GetRecord,13,last,w13|last|GetRecord,,,,,,,,,,,,,,,,,,
6.16,589,3-Level,w13,GetRecord,13,last,w13|last|GetRecord,,,,,,,,,,,,,,,,,,
510.44,1012761,3-Level,w14,ListRecords,14,,w14||ListRecords,,,,,,,,,,,,,,,,,,
496.44,1012761,3-Level,w14,ListRecords,14,,w14||ListRecords,,,,,,,,,,,,,,,,,,
513.14,1012759,3-Level,w14,ListRecords,14,,w14||ListRecords,,,,,,,,,,,,,,,,,,
502.02,1012761,3-Level,w14,ListRecords,14,,w14||ListRecords,,,,,,,,,,,,,,,,,,
522.48,1012761,3-Level,w14,ListRecords,14,,w14||ListRecords,,,,,,,,,,,,,,,,,,
482.75,4930,3-Level,w14,ListIdentifiers,14,,w14||ListIdentifiers,,,,,,,,,,,,,,,,,,
516.84,4930,3-Level,w14,ListIdentifiers,14,,w14||ListIdentifiers,,,,,,,,,,,,,,,,,,
489.23,4930,3-Level,w14,ListIdentifiers,14,,w14||ListIdentifiers,,,,,,,,,,,,,,,,,,
499.8,4929,3-Level,w14,ListIdentifiers,14,,w14||ListIdentifiers,,,,,,,,,,,,,,,,,,
489.64,4930,3-Level,w14,ListIdentifiers,14,,w14||ListIdentifiers,,,,,,,,,,,,,,,,,,
92.05,281199,3-Level,w14,ListSets,14,,w14||ListSets,,,,,,,,,,,,,,,,,,
92.57,281199,3-Level,w14,ListSets,14,,w14||ListSets,,,,,,,,,,,,,,,,,,
94.78,281199,3-Level,w14,ListSets,14,,w14||ListSets,,,,,,,,,,,,,,,,,,
93.82,281199,3-Level,w14,ListSets,14,,w14||ListSets,,,,,,,,,,,,,,,,,,
91.05,281199,3-Level,w14,ListSets,14,,w14||ListSets,,,,,,,,,,,,,,,,,,
100.41,656,3-Level,w14,GetRecord,14,first,w14|first|GetRecord,,,,,,,,,,,,,,,,,,
97.63,656,3-Level,w14,GetRecord,14,first,w14|first|GetRecord,,,,,,,,,,,,,,,,,,
97.55,655,3-Level,w14,GetRecord,14,first,w14|first|GetRecord,,,,,,,,,,,,,,,,,,
98.19,656,3-Level,w14,GetRecord,14,first,w14|first|GetRecord,,,,,,,,,,,,,,,,,,
98.6,656,3-Level,w14,GetRecord,14,first,w14|first|GetRecord,,,,,,,,,,,,,,,,,,
99.26,589,3-Level,w14,GetRecord,14,last,w14|last|GetRecord,,,,,,,,,,,,,,,,,,
97.38,590,3-Level,w14,GetRecord,14,last,w14|last|GetRecord,,,,,,,,,,,,,,,,,,
97.88,589,3-Level,w14,GetRecord,14,last,w14|last|GetRecord,,,,,,,,,,,,,,,,,,
101.43,589,3-Level,w14,GetRecord,14,last,w14|last|GetRecord,,,,,,,,,,,,,,,,,,
97.21,588,3-Level,w14,GetRecord,14,last,w14|last|GetRecord,,,,,,,,,,,,,,,,,,
1214.23,1012894,3-Level,w15,ListRecords,15,,w15||ListRecords,,,,,,,,,,,,,,,,,,
1207.08,1012894,3-Level,w15,ListRecords,15,,w15||ListRecords,,,,,,,,,,,,,,,,,,
1226.96,1012894,3-Level,w15,ListRecords,15,,w15||ListRecords,,,,,,,,,,,,,,,,,,
1237.61,1012894,3-Level,w15,ListRecords,15,,w15||ListRecords,,,,,,,,,,,,,,,,,,
1386.23,1012894,3-Level,w15,ListRecords,15,,w15||ListRecords,,,,,,,,,,,,,,,,,,
1256.77,5346,3-Level,w15,ListIdentifiers,15,,w15||ListIdentifiers,,,,,,,,,,,,,,,,,,
1284.78,5346,3-Level,w15,ListIdentifiers,15,,w15||ListIdentifiers,,,,,,,,,,,,,,,,,,
1220.75,5345,3-Level,w15,ListIdentifiers,15,,w15||ListIdentifiers,,,,,,,,,,,,,,,,,,
1278.3,5347,3-Level,w15,ListIdentifiers,15,,w15||ListIdentifiers,,,,,,,,,,,,,,,,,,
1286.29,5347,3-Level,w15,ListIdentifiers,15,,w15||ListIdentifiers,,,,,,,,,,,,,,,,,,
210.32,330541,3-Level,w15,ListSets,15,,w15||ListSets,,,,,,,,,,,,,,,,,,
203.76,330541,3-Level,w15,ListSets,15,,w15||ListSets,,,,,,,,,,,,,,,,,,
200.92,330541,3-Level,w15,ListSets,15,,w15||ListSets,,,,,,,,,,,,,,,,,,
202,330541,3-Level,w15,ListSets,15,,w15||ListSets,,,,,,,,,,,,,,,,,,
200.57,330541,3-Level,w15,ListSets,15,,w15||ListSets,,,,,,,,,,,,,,,,,,
211.34,655,3-Level,w15,GetRecord,15,first,w15|first|GetRecord,,,,,,,,,,,,,,,,,,
209.76,655,3-Level,w15,GetRecord,15,first,w15|first|GetRecord,,,,,,,,,,,,,,,,,,
210.42,656,3-Level,w15,GetRecord,15,first,w15|first|GetRecord,,,,,,,,,,,,,,,,,,
211.38,655,3-Level,w15,GetRecord,15,first,w15|first|GetRecord,,,,,,,,,,,,,,,,,,
209.67,656,3-Level,w15,GetRecord,15,first,w15|first|GetRecord,,,,,,,,,,,,,,,,,,
210.99,590,3-Level,w15,GetRecord,15,last,w15|last|GetRecord,,,,,,,,,,,,,,,,,,
210.65,589,3-Level,w15,GetRecord,15,last,w15|last|GetRecord,,,,,,,,,,,,,,,,,,
211.62,590,3-Level,w15,GetRecord,15,last,w15|last|GetRecord,,,,,,,,,,,,,,,,,,
211.51,588,3-Level,w15,GetRecord,15,last,w15|last|GetRecord,,,,,,,,,,,,,,,,,,
210.34,589,3-Level,w15,GetRecord,15,last,w15|last|GetRecord,,,,,,,,,,,,,,,,,,
