HTTP,Response,Time,Seconds,Bytes,Junk,URL,Context,App,Workload,Parameters,RecordSet
[0;34mHTTP/1.1,200,1.75:::secs:,1.75,34229:::bytes,Err:510,/OAI-XMLFile-2.21/XMLFile/w1/oai.pl?verb=ListRecords&metadataPrefix=oai_dc[0m,OAI-XMLFile-2.21,XMLFile,w1,oai.pl?verb=ListRecords&metadataPrefix=oai_dc[0m,First List
[0;34mHTTP/1.1,200,0.55:::secs:,0.55,34230:::bytes,Err:510,/OAI-XMLFile-2.21/XMLFile/w1/oai.pl?verb=ListRecords&metadataPrefix=oai_dc[0m,OAI-XMLFile-2.21,XMLFile,w1,oai.pl?verb=ListRecords&metadataPrefix=oai_dc[0m,First List
[0;34mHTTP/1.1,200,0.49:::secs:,0.49,34230:::bytes,Err:510,/OAI-XMLFile-2.21/XMLFile/w1/oai.pl?verb=ListRecords&metadataPrefix=oai_dc[0m,OAI-XMLFile-2.21,XMLFile,w1,oai.pl?verb=ListRecords&metadataPrefix=oai_dc[0m,First List
[0;34mHTTP/1.1,200,0.48:::secs:,0.48,34230:::bytes,Err:510,/OAI-XMLFile-2.21/XMLFile/w1/oai.pl?verb=ListRecords&metadataPrefix=oai_dc[0m,OAI-XMLFile-2.21,XMLFile,w1,oai.pl?verb=ListRecords&metadataPrefix=oai_dc[0m,First List
[0;34mHTTP/1.1,200,0.50:::secs:,0.5,34230:::bytes,Err:510,/OAI-XMLFile-2.21/XMLFile/w1/oai.pl?verb=ListRecords&metadataPrefix=oai_dc[0m,OAI-XMLFile-2.21,XMLFile,w1,oai.pl?verb=ListRecords&metadataPrefix=oai_dc[0m,First List
[0;34mHTTP/1.1,200,0.49:::secs:,0.49,34238:::bytes,Err:510,/OAI-XMLFile-2.21/XMLFile/w1/oai.pl?verb=ListRecords&resumptionToken=!!!oai_dc!0[0m,OAI-XMLFile-2.21,XMLFile,w1,oai.pl?verb=ListRecords&resumptionToken=!!!oai_dc!0[0m,Last List
[0;34mHTTP/1.1,200,0.49:::secs:,0.49,34238:::bytes,Err:510,/OAI-XMLFile-2.21/XMLFile/w1/oai.pl?verb=ListRecords&resumptionToken=!!!oai_dc!0[0m,OAI-XMLFile-2.21,XMLFile,w1,oai.pl?verb=ListRecords&resumptionToken=!!!oai_dc!0[0m,Last List
[0;34mHTTP/1.1,200,0.50:::secs:,0.5,34237:::bytes,Err:510,/OAI-XMLFile-2.21/XMLFile/w1/oai.pl?verb=ListRecords&resumptionToken=!!!oai_dc!0[0m,OAI-XMLFile-2.21,XMLFile,w1,oai.pl?verb=ListRecords&resumptionToken=!!!oai_dc!0[0m,Last List
[0;34mHTTP/1.1,200,0.49:::secs:,0.49,34238:::bytes,Err:510,/OAI-XMLFile-2.21/XMLFile/w1/oai.pl?verb=ListRecords&resumptionToken=!!!oai_dc!0[0m,OAI-XMLFile-2.21,XMLFile,w1,oai.pl?verb=ListRecords&resumptionToken=!!!oai_dc!0[0m,Last List
[0;34mHTTP/1.1,200,0.50:::secs:,0.5,34238:::bytes,Err:510,/OAI-XMLFile-2.21/XMLFile/w1/oai.pl?verb=ListRecords&resumptionToken=!!!oai_dc!0[0m,OAI-XMLFile-2.21,XMLFile,w1,oai.pl?verb=ListRecords&resumptionToken=!!!oai_dc!0[0m,Last List
[0;34mHTTP/1.1,200,1.79:::secs:,1.79,19569:::bytes,Err:510,/OAI-XMLFile-2.21/XMLFile/w2/oai.pl?verb=ListRecords&metadataPrefix=oai_dc[0m,OAI-XMLFile-2.21,XMLFile,w2,oai.pl?verb=ListRecords&metadataPrefix=oai_dc[0m,First List
[0;34mHTTP/1.1,200,0.49:::secs:,0.49,19570:::bytes,Err:510,/OAI-XMLFile-2.21/XMLFile/w2/oai.pl?verb=ListRecords&metadataPrefix=oai_dc[0m,OAI-XMLFile-2.21,XMLFile,w2,oai.pl?verb=ListRecords&metadataPrefix=oai_dc[0m,First List
[0;34mHTTP/1.1,200,0.50:::secs:,0.5,19570:::bytes,Err:510,/OAI-XMLFile-2.21/XMLFile/w2/oai.pl?verb=ListRecords&metadataPrefix=oai_dc[0m,OAI-XMLFile-2.21,XMLFile,w2,oai.pl?verb=ListRecords&metadataPrefix=oai_dc[0m,First List
[0;34mHTTP/1.1,200,0.50:::secs:,0.5,19571:::bytes,Err:510,/OAI-XMLFile-2.21/XMLFile/w2/oai.pl?verb=ListRecords&metadataPrefix=oai_dc[0m,OAI-XMLFile-2.21,XMLFile,w2,oai.pl?verb=ListRecords&metadataPrefix=oai_dc[0m,First List
[0;34mHTTP/1.1,200,0.50:::secs:,0.5,19570:::bytes,Err:510,/OAI-XMLFile-2.21/XMLFile/w2/oai.pl?verb=ListRecords&metadataPrefix=oai_dc[0m,OAI-XMLFile-2.21,XMLFile,w2,oai.pl?verb=ListRecords&metadataPrefix=oai_dc[0m,First List
[0;34mHTTP/1.1,200,0.83:::secs:,0.83,38310:::bytes,Err:510,/OAI-XMLFile-2.21/XMLFile/w2/oai.pl?verb=ListRecords&resumptionToken=!!!oai_dc!100[0m,OAI-XMLFile-2.21,XMLFile,w2,oai.pl?verb=ListRecords&resumptionToken=!!!oai_dc!100[0m,Last List
[0;34mHTTP/1.1,200,0.50:::secs:,0.5,38310:::bytes,Err:510,/OAI-XMLFile-2.21/XMLFile/w2/oai.pl?verb=ListRecords&resumptionToken=!!!oai_dc!100[0m,OAI-XMLFile-2.21,XMLFile,w2,oai.pl?verb=ListRecords&resumptionToken=!!!oai_dc!100[0m,Last List
[0;34mHTTP/1.1,200,0.51:::secs:,0.51,38310:::bytes,Err:510,/OAI-XMLFile-2.21/XMLFile/w2/oai.pl?verb=ListRecords&resumptionToken=!!!oai_dc!100[0m,OAI-XMLFile-2.21,XMLFile,w2,oai.pl?verb=ListRecords&resumptionToken=!!!oai_dc!100[0m,Last List
[0;34mHTTP/1.1,200,0.50:::secs:,0.5,38310:::bytes,Err:510,/OAI-XMLFile-2.21/XMLFile/w2/oai.pl?verb=ListRecords&resumptionToken=!!!oai_dc!100[0m,OAI-XMLFile-2.21,XMLFile,w2,oai.pl?verb=ListRecords&resumptionToken=!!!oai_dc!100[0m,Last List
[0;34mHTTP/1.1,200,0.50:::secs:,0.5,38310:::bytes,Err:510,/OAI-XMLFile-2.21/XMLFile/w2/oai.pl?verb=ListRecords&resumptionToken=!!!oai_dc!100[0m,OAI-XMLFile-2.21,XMLFile,w2,oai.pl?verb=ListRecords&resumptionToken=!!!oai_dc!100[0m,Last List
[0;34mHTTP/1.1,200,1.72:::secs:,1.72,24914:::bytes,Err:510,/OAI-XMLFile-2.21/XMLFile/w3/oai.pl?verb=ListRecords&metadataPrefix=oai_dc[0m,OAI-XMLFile-2.21,XMLFile,w3,oai.pl?verb=ListRecords&metadataPrefix=oai_dc[0m,First List
[0;34mHTTP/1.1,200,0.52:::secs:,0.52,24914:::bytes,Err:510,/OAI-XMLFile-2.21/XMLFile/w3/oai.pl?verb=ListRecords&metadataPrefix=oai_dc[0m,OAI-XMLFile-2.21,XMLFile,w3,oai.pl?verb=ListRecords&metadataPrefix=oai_dc[0m,First List
[0;34mHTTP/1.1,200,0.52:::secs:,0.52,24913:::bytes,Err:510,/OAI-XMLFile-2.21/XMLFile/w3/oai.pl?verb=ListRecords&metadataPrefix=oai_dc[0m,OAI-XMLFile-2.21,XMLFile,w3,oai.pl?verb=ListRecords&metadataPrefix=oai_dc[0m,First List
[0;34mHTTP/1.1,200,0.50:::secs:,0.5,24913:::bytes,Err:510,/OAI-XMLFile-2.21/XMLFile/w3/oai.pl?verb=ListRecords&metadataPrefix=oai_dc[0m,OAI-XMLFile-2.21,XMLFile,w3,oai.pl?verb=ListRecords&metadataPrefix=oai_dc[0m,First List
[0;34mHTTP/1.1,200,0.52:::secs:,0.52,24913:::bytes,Err:510,/OAI-XMLFile-2.21/XMLFile/w3/oai.pl?verb=ListRecords&metadataPrefix=oai_dc[0m,OAI-XMLFile-2.21,XMLFile,w3,oai.pl?verb=ListRecords&metadataPrefix=oai_dc[0m,First List
[0;34mHTTP/1.1,200,0.92:::secs:,0.92,62345:::bytes,Err:510,/OAI-XMLFile-2.21/XMLFile/w3/oai.pl?verb=ListRecords&resumptionToken=!!!oai_dc!300[0m,OAI-XMLFile-2.21,XMLFile,w3,oai.pl?verb=ListRecords&resumptionToken=!!!oai_dc!300[0m,Last List
[0;34mHTTP/1.1,200,0.53:::secs:,0.53,62345:::bytes,Err:510,/OAI-XMLFile-2.21/XMLFile/w3/oai.pl?verb=ListRecords&resumptionToken=!!!oai_dc!300[0m,OAI-XMLFile-2.21,XMLFile,w3,oai.pl?verb=ListRecords&resumptionToken=!!!oai_dc!300[0m,Last List
[0;34mHTTP/1.1,200,0.53:::secs:,0.53,62345:::bytes,Err:510,/OAI-XMLFile-2.21/XMLFile/w3/oai.pl?verb=ListRecords&resumptionToken=!!!oai_dc!300[0m,OAI-XMLFile-2.21,XMLFile,w3,oai.pl?verb=ListRecords&resumptionToken=!!!oai_dc!300[0m,Last List
[0;34mHTTP/1.1,200,0.53:::secs:,0.53,62345:::bytes,Err:510,/OAI-XMLFile-2.21/XMLFile/w3/oai.pl?verb=ListRecords&resumptionToken=!!!oai_dc!300[0m,OAI-XMLFile-2.21,XMLFile,w3,oai.pl?verb=ListRecords&resumptionToken=!!!oai_dc!300[0m,Last List
[0;34mHTTP/1.1,200,0.54:::secs:,0.54,62345:::bytes,Err:510,/OAI-XMLFile-2.21/XMLFile/w3/oai.pl?verb=ListRecords&resumptionToken=!!!oai_dc!300[0m,OAI-XMLFile-2.21,XMLFile,w3,oai.pl?verb=ListRecords&resumptionToken=!!!oai_dc!300[0m,Last List
[0;34mHTTP/1.1,200,1.79:::secs:,1.79,30409:::bytes,Err:510,/OAI-XMLFile-2.21/XMLFile/w4/oai.pl?verb=ListRecords&metadataPrefix=oai_dc[0m,OAI-XMLFile-2.21,XMLFile,w4,oai.pl?verb=ListRecords&metadataPrefix=oai_dc[0m,First List
[0;34mHTTP/1.1,200,0.54:::secs:,0.54,30409:::bytes,Err:510,/OAI-XMLFile-2.21/XMLFile/w4/oai.pl?verb=ListRecords&metadataPrefix=oai_dc[0m,OAI-XMLFile-2.21,XMLFile,w4,oai.pl?verb=ListRecords&metadataPrefix=oai_dc[0m,First List
[0;34mHTTP/1.1,200,0.55:::secs:,0.55,30409:::bytes,Err:510,/OAI-XMLFile-2.21/XMLFile/w4/oai.pl?verb=ListRecords&metadataPrefix=oai_dc[0m,OAI-XMLFile-2.21,XMLFile,w4,oai.pl?verb=ListRecords&metadataPrefix=oai_dc[0m,First List
[0;34mHTTP/1.1,200,0.55:::secs:,0.55,30409:::bytes,Err:510,/OAI-XMLFile-2.21/XMLFile/w4/oai.pl?verb=ListRecords&metadataPrefix=oai_dc[0m,OAI-XMLFile-2.21,XMLFile,w4,oai.pl?verb=ListRecords&metadataPrefix=oai_dc[0m,First List
[0;34mHTTP/1.1,200,0.56:::secs:,0.56,30409:::bytes,Err:510,/OAI-XMLFile-2.21/XMLFile/w4/oai.pl?verb=ListRecords&metadataPrefix=oai_dc[0m,OAI-XMLFile-2.21,XMLFile,w4,oai.pl?verb=ListRecords&metadataPrefix=oai_dc[0m,First List
[0;34mHTTP/1.1,200,1.93:::secs:,1.93,67545:::bytes,Err:510,/OAI-XMLFile-2.21/XMLFile/w4/oai.pl?verb=ListRecords&resumptionToken=!!!oai_dc!700[0m,OAI-XMLFile-2.21,XMLFile,w4,oai.pl?verb=ListRecords&resumptionToken=!!!oai_dc!700[0m,Last List
[0;34mHTTP/1.1,200,0.56:::secs:,0.56,67544:::bytes,Err:510,/OAI-XMLFile-2.21/XMLFile/w4/oai.pl?verb=ListRecords&resumptionToken=!!!oai_dc!700[0m,OAI-XMLFile-2.21,XMLFile,w4,oai.pl?verb=ListRecords&resumptionToken=!!!oai_dc!700[0m,Last List
[0;34mHTTP/1.1,200,0.57:::secs:,0.57,67545:::bytes,Err:510,/OAI-XMLFile-2.21/XMLFile/w4/oai.pl?verb=ListRecords&resumptionToken=!!!oai_dc!700[0m,OAI-XMLFile-2.21,XMLFile,w4,oai.pl?verb=ListRecords&resumptionToken=!!!oai_dc!700[0m,Last List
[0;34mHTTP/1.1,200,0.57:::secs:,0.57,67545:::bytes,Err:510,/OAI-XMLFile-2.21/XMLFile/w4/oai.pl?verb=ListRecords&resumptionToken=!!!oai_dc!700[0m,OAI-XMLFile-2.21,XMLFile,w4,oai.pl?verb=ListRecords&resumptionToken=!!!oai_dc!700[0m,Last List
[0;34mHTTP/1.1,200,0.58:::secs:,0.58,67545:::bytes,Err:510,/OAI-XMLFile-2.21/XMLFile/w4/oai.pl?verb=ListRecords&resumptionToken=!!!oai_dc!700[0m,OAI-XMLFile-2.21,XMLFile,w4,oai.pl?verb=ListRecords&resumptionToken=!!!oai_dc!700[0m,Last List
[0;34mHTTP/1.1,200,2.38:::secs:,2.38,63371:::bytes,Err:510,/OAI-XMLFile-2.21/XMLFile/w5/oai.pl?verb=ListRecords&metadataPrefix=oai_dc[0m,OAI-XMLFile-2.21,XMLFile,w5,oai.pl?verb=ListRecords&metadataPrefix=oai_dc[0m,First List
[0;34mHTTP/1.1,200,0.63:::secs:,0.63,63370:::bytes,Err:510,/OAI-XMLFile-2.21/XMLFile/w5/oai.pl?verb=ListRecords&metadataPrefix=oai_dc[0m,OAI-XMLFile-2.21,XMLFile,w5,oai.pl?verb=ListRecords&metadataPrefix=oai_dc[0m,First List
[0;34mHTTP/1.1,200,0.63:::secs:,0.63,63371:::bytes,Err:510,/OAI-XMLFile-2.21/XMLFile/w5/oai.pl?verb=ListRecords&metadataPrefix=oai_dc[0m,OAI-XMLFile-2.21,XMLFile,w5,oai.pl?verb=ListRecords&metadataPrefix=oai_dc[0m,First List
[0;34mHTTP/1.1,200,0.62:::secs:,0.62,63370:::bytes,Err:510,/OAI-XMLFile-2.21/XMLFile/w5/oai.pl?verb=ListRecords&metadataPrefix=oai_dc[0m,OAI-XMLFile-2.21,XMLFile,w5,oai.pl?verb=ListRecords&metadataPrefix=oai_dc[0m,First List
[0;34mHTTP/1.1,200,0.62:::secs:,0.62,63371:::bytes,Err:510,/OAI-XMLFile-2.21/XMLFile/w5/oai.pl?verb=ListRecords&metadataPrefix=oai_dc[0m,OAI-XMLFile-2.21,XMLFile,w5,oai.pl?verb=ListRecords&metadataPrefix=oai_dc[0m,First List
[0;34mHTTP/1.1,200,1.14:::secs:,1.14,109013:::bytes,Err:510,/OAI-XMLFile-2.21/XMLFile/w5/oai.pl?verb=ListRecords&resumptionToken=!!!oai_dc!1500[0m,OAI-XMLFile-2.21,XMLFile,w5,oai.pl?verb=ListRecords&resumptionToken=!!!oai_dc!1500[0m,Last List
[0;34mHTTP/1.1,200,0.64:::secs:,0.64,109014:::bytes,Err:510,/OAI-XMLFile-2.21/XMLFile/w5/oai.pl?verb=ListRecords&resumptionToken=!!!oai_dc!1500[0m,OAI-XMLFile-2.21,XMLFile,w5,oai.pl?verb=ListRecords&resumptionToken=!!!oai_dc!1500[0m,Last List
[0;34mHTTP/1.1,200,0.64:::secs:,0.64,109013:::bytes,Err:510,/OAI-XMLFile-2.21/XMLFile/w5/oai.pl?verb=ListRecords&resumptionToken=!!!oai_dc!1500[0m,OAI-XMLFile-2.21,XMLFile,w5,oai.pl?verb=ListRecords&resumptionToken=!!!oai_dc!1500[0m,Last List
[0;34mHTTP/1.1,200,0.65:::secs:,0.65,109014:::bytes,Err:510,/OAI-XMLFile-2.21/XMLFile/w5/oai.pl?verb=ListRecords&resumptionToken=!!!oai_dc!1500[0m,OAI-XMLFile-2.21,XMLFile,w5,oai.pl?verb=ListRecords&resumptionToken=!!!oai_dc!1500[0m,Last List
[0;34mHTTP/1.1,200,0.65:::secs:,0.65,109014:::bytes,Err:510,/OAI-XMLFile-2.21/XMLFile/w5/oai.pl?verb=ListRecords&resumptionToken=!!!oai_dc!1500[0m,OAI-XMLFile-2.21,XMLFile,w5,oai.pl?verb=ListRecords&resumptionToken=!!!oai_dc!1500[0m,Last List
[0;34mHTTP/1.1,200,2.85:::secs:,2.85,85517:::bytes,Err:510,/OAI-XMLFile-2.21/XMLFile/w6/oai.pl?verb=ListRecords&metadataPrefix=oai_dc[0m,OAI-XMLFile-2.21,XMLFile,w6,oai.pl?verb=ListRecords&metadataPrefix=oai_dc[0m,First List
[0;34mHTTP/1.1,200,0.74:::secs:,0.74,85517:::bytes,Err:510,/OAI-XMLFile-2.21/XMLFile/w6/oai.pl?verb=ListRecords&metadataPrefix=oai_dc[0m,OAI-XMLFile-2.21,XMLFile,w6,oai.pl?verb=ListRecords&metadataPrefix=oai_dc[0m,First List
[0;34mHTTP/1.1,200,0.74:::secs:,0.74,85518:::bytes,Err:510,/OAI-XMLFile-2.21/XMLFile/w6/oai.pl?verb=ListRecords&metadataPrefix=oai_dc[0m,OAI-XMLFile-2.21,XMLFile,w6,oai.pl?verb=ListRecords&metadataPrefix=oai_dc[0m,First List
[0;34mHTTP/1.1,200,0.73:::secs:,0.73,85518:::bytes,Err:510,/OAI-XMLFile-2.21/XMLFile/w6/oai.pl?verb=ListRecords&metadataPrefix=oai_dc[0m,OAI-XMLFile-2.21,XMLFile,w6,oai.pl?verb=ListRecords&metadataPrefix=oai_dc[0m,First List
[0;34mHTTP/1.1,200,0.75:::secs:,0.75,85518:::bytes,Err:510,/OAI-XMLFile-2.21/XMLFile/w6/oai.pl?verb=ListRecords&metadataPrefix=oai_dc[0m,OAI-XMLFile-2.21,XMLFile,w6,oai.pl?verb=ListRecords&metadataPrefix=oai_dc[0m,First List
[0;34mHTTP/1.1,200,0.78:::secs:,0.78,42120:::bytes,Err:510,/OAI-XMLFile-2.21/XMLFile/w6/oai.pl?verb=ListRecords&resumptionToken=!!!oai_dc!3100[0m,OAI-XMLFile-2.21,XMLFile,w6,oai.pl?verb=ListRecords&resumptionToken=!!!oai_dc!3100[0m,Last List
[0;34mHTTP/1.1,200,0.72:::secs:,0.72,42119:::bytes,Err:510,/OAI-XMLFile-2.21/XMLFile/w6/oai.pl?verb=ListRecords&resumptionToken=!!!oai_dc!3100[0m,OAI-XMLFile-2.21,XMLFile,w6,oai.pl?verb=ListRecords&resumptionToken=!!!oai_dc!3100[0m,Last List
[0;34mHTTP/1.1,200,0.73:::secs:,0.73,42120:::bytes,Err:510,/OAI-XMLFile-2.21/XMLFile/w6/oai.pl?verb=ListRecords&resumptionToken=!!!oai_dc!3100[0m,OAI-XMLFile-2.21,XMLFile,w6,oai.pl?verb=ListRecords&resumptionToken=!!!oai_dc!3100[0m,Last List
[0;34mHTTP/1.1,200,0.72:::secs:,0.72,42120:::bytes,Err:510,/OAI-XMLFile-2.21/XMLFile/w6/oai.pl?verb=ListRecords&resumptionToken=!!!oai_dc!3100[0m,OAI-XMLFile-2.21,XMLFile,w6,oai.pl?verb=ListRecords&resumptionToken=!!!oai_dc!3100[0m,Last List
[0;34mHTTP/1.1,200,0.72:::secs:,0.72,42120:::bytes,Err:510,/OAI-XMLFile-2.21/XMLFile/w6/oai.pl?verb=ListRecords&resumptionToken=!!!oai_dc!3100[0m,OAI-XMLFile-2.21,XMLFile,w6,oai.pl?verb=ListRecords&resumptionToken=!!!oai_dc!3100[0m,Last List
[0;34mHTTP/1.1,200,3.31:::secs:,3.31,80348:::bytes,Err:510,/OAI-XMLFile-2.21/XMLFile/w7/oai.pl?verb=ListRecords&metadataPrefix=oai_dc[0m,OAI-XMLFile-2.21,XMLFile,w7,oai.pl?verb=ListRecords&metadataPrefix=oai_dc[0m,First List
[0;34mHTTP/1.1,200,0.94:::secs:,0.94,80348:::bytes,Err:510,/OAI-XMLFile-2.21/XMLFile/w7/oai.pl?verb=ListRecords&metadataPrefix=oai_dc[0m,OAI-XMLFile-2.21,XMLFile,w7,oai.pl?verb=ListRecords&metadataPrefix=oai_dc[0m,First List
[0;34mHTTP/1.1,200,0.94:::secs:,0.94,80348:::bytes,Err:510,/OAI-XMLFile-2.21/XMLFile/w7/oai.pl?verb=ListRecords&metadataPrefix=oai_dc[0m,OAI-XMLFile-2.21,XMLFile,w7,oai.pl?verb=ListRecords&metadataPrefix=oai_dc[0m,First List
[0;34mHTTP/1.1,200,0.94:::secs:,0.94,80348:::bytes,Err:510,/OAI-XMLFile-2.21/XMLFile/w7/oai.pl?verb=ListRecords&metadataPrefix=oai_dc[0m,OAI-XMLFile-2.21,XMLFile,w7,oai.pl?verb=ListRecords&metadataPrefix=oai_dc[0m,First List
[0;34mHTTP/1.1,200,0.94:::secs:,0.94,80348:::bytes,Err:510,/OAI-XMLFile-2.21/XMLFile/w7/oai.pl?verb=ListRecords&metadataPrefix=oai_dc[0m,OAI-XMLFile-2.21,XMLFile,w7,oai.pl?verb=ListRecords&metadataPrefix=oai_dc[0m,First List
[0;34mHTTP/1.1,200,1.11:::secs:,1.11,49423:::bytes,Err:510,/OAI-XMLFile-2.21/XMLFile/w7/oai.pl?verb=ListRecords&resumptionToken=!!!oai_dc!6300[0m,OAI-XMLFile-2.21,XMLFile,w7,oai.pl?verb=ListRecords&resumptionToken=!!!oai_dc!6300[0m,Last List
[0;34mHTTP/1.1,200,0.93:::secs:,0.93,49421:::bytes,Err:510,/OAI-XMLFile-2.21/XMLFile/w7/oai.pl?verb=ListRecords&resumptionToken=!!!oai_dc!6300[0m,OAI-XMLFile-2.21,XMLFile,w7,oai.pl?verb=ListRecords&resumptionToken=!!!oai_dc!6300[0m,Last List
[0;34mHTTP/1.1,200,0.93:::secs:,0.93,49422:::bytes,Err:510,/OAI-XMLFile-2.21/XMLFile/w7/oai.pl?verb=ListRecords&resumptionToken=!!!oai_dc!6300[0m,OAI-XMLFile-2.21,XMLFile,w7,oai.pl?verb=ListRecords&resumptionToken=!!!oai_dc!6300[0m,Last List
[0;34mHTTP/1.1,200,0.93:::secs:,0.93,49423:::bytes,Err:510,/OAI-XMLFile-2.21/XMLFile/w7/oai.pl?verb=ListRecords&resumptionToken=!!!oai_dc!6300[0m,OAI-XMLFile-2.21,XMLFile,w7,oai.pl?verb=ListRecords&resumptionToken=!!!oai_dc!6300[0m,Last List
[0;34mHTTP/1.1,200,0.93:::secs:,0.93,49423:::bytes,Err:510,/OAI-XMLFile-2.21/XMLFile/w7/oai.pl?verb=ListRecords&resumptionToken=!!!oai_dc!6300[0m,OAI-XMLFile-2.21,XMLFile,w7,oai.pl?verb=ListRecords&resumptionToken=!!!oai_dc!6300[0m,Last List
[0;34mHTTP/1.1,200,4.54:::secs:,4.54,77891:::bytes,Err:510,/OAI-XMLFile-2.21/XMLFile/w8/oai.pl?verb=ListRecords&metadataPrefix=oai_dc[0m,OAI-XMLFile-2.21,XMLFile,w8,oai.pl?verb=ListRecords&metadataPrefix=oai_dc[0m,First List
[0;34mHTTP/1.1,200,1.34:::secs:,1.34,77891:::bytes,Err:510,/OAI-XMLFile-2.21/XMLFile/w8/oai.pl?verb=ListRecords&metadataPrefix=oai_dc[0m,OAI-XMLFile-2.21,XMLFile,w8,oai.pl?verb=ListRecords&metadataPrefix=oai_dc[0m,First List
[0;34mHTTP/1.1,200,1.35:::secs:,1.35,77891:::bytes,Err:510,/OAI-XMLFile-2.21/XMLFile/w8/oai.pl?verb=ListRecords&metadataPrefix=oai_dc[0m,OAI-XMLFile-2.21,XMLFile,w8,oai.pl?verb=ListRecords&metadataPrefix=oai_dc[0m,First List
[0;34mHTTP/1.1,200,1.35:::secs:,1.35,77891:::bytes,Err:510,/OAI-XMLFile-2.21/XMLFile/w8/oai.pl?verb=ListRecords&metadataPrefix=oai_dc[0m,OAI-XMLFile-2.21,XMLFile,w8,oai.pl?verb=ListRecords&metadataPrefix=oai_dc[0m,First List
[0;34mHTTP/1.1,200,1.37:::secs:,1.37,77891:::bytes,Err:510,/OAI-XMLFile-2.21/XMLFile/w8/oai.pl?verb=ListRecords&metadataPrefix=oai_dc[0m,OAI-XMLFile-2.21,XMLFile,w8,oai.pl?verb=ListRecords&metadataPrefix=oai_dc[0m,First List
[0;34mHTTP/1.1,200,1.51:::secs:,1.51,65102:::bytes,Err:510,/OAI-XMLFile-2.21/XMLFile/w8/oai.pl?verb=ListRecords&resumptionToken=!!!oai_dc!12700[0m,OAI-XMLFile-2.21,XMLFile,w8,oai.pl?verb=ListRecords&resumptionToken=!!!oai_dc!12700[0m,Last List
[0;34mHTTP/1.1,200,1.35:::secs:,1.35,65102:::bytes,Err:510,/OAI-XMLFile-2.21/XMLFile/w8/oai.pl?verb=ListRecords&resumptionToken=!!!oai_dc!12700[0m,OAI-XMLFile-2.21,XMLFile,w8,oai.pl?verb=ListRecords&resumptionToken=!!!oai_dc!12700[0m,Last List
[0;34mHTTP/1.1,200,1.34:::secs:,1.34,65102:::bytes,Err:510,/OAI-XMLFile-2.21/XMLFile/w8/oai.pl?verb=ListRecords&resumptionToken=!!!oai_dc!12700[0m,OAI-XMLFile-2.21,XMLFile,w8,oai.pl?verb=ListRecords&resumptionToken=!!!oai_dc!12700[0m,Last List
[0;34mHTTP/1.1,200,1.34:::secs:,1.34,65102:::bytes,Err:510,/OAI-XMLFile-2.21/XMLFile/w8/oai.pl?verb=ListRecords&resumptionToken=!!!oai_dc!12700[0m,OAI-XMLFile-2.21,XMLFile,w8,oai.pl?verb=ListRecords&resumptionToken=!!!oai_dc!12700[0m,Last List
[0;34mHTTP/1.1,200,1.33:::secs:,1.33,65102:::bytes,Err:510,/OAI-XMLFile-2.21/XMLFile/w8/oai.pl?verb=ListRecords&resumptionToken=!!!oai_dc!12700[0m,OAI-XMLFile-2.21,XMLFile,w8,oai.pl?verb=ListRecords&resumptionToken=!!!oai_dc!12700[0m,Last List
[0;34mHTTP/1.1,200,7.38:::secs:,7.38,89125:::bytes,Err:510,/OAI-XMLFile-2.21/XMLFile/w9/oai.pl?verb=ListRecords&metadataPrefix=oai_dc[0m,OAI-XMLFile-2.21,XMLFile,w9,oai.pl?verb=ListRecords&metadataPrefix=oai_dc[0m,First List
[0;34mHTTP/1.1,200,2.14:::secs:,2.14,89126:::bytes,Err:510,/OAI-XMLFile-2.21/XMLFile/w9/oai.pl?verb=ListRecords&metadataPrefix=oai_dc[0m,OAI-XMLFile-2.21,XMLFile,w9,oai.pl?verb=ListRecords&metadataPrefix=oai_dc[0m,First List
[0;34mHTTP/1.1,200,2.16:::secs:,2.16,89126:::bytes,Err:510,/OAI-XMLFile-2.21/XMLFile/w9/oai.pl?verb=ListRecords&metadataPrefix=oai_dc[0m,OAI-XMLFile-2.21,XMLFile,w9,oai.pl?verb=ListRecords&metadataPrefix=oai_dc[0m,First List
[0;34mHTTP/1.1,200,2.16:::secs:,2.16,89126:::bytes,Err:510,/OAI-XMLFile-2.21/XMLFile/w9/oai.pl?verb=ListRecords&metadataPrefix=oai_dc[0m,OAI-XMLFile-2.21,XMLFile,w9,oai.pl?verb=ListRecords&metadataPrefix=oai_dc[0m,First List
[0;34mHTTP/1.1,200,2.17:::secs:,2.17,89125:::bytes,Err:510,/OAI-XMLFile-2.21/XMLFile/w9/oai.pl?verb=ListRecords&metadataPrefix=oai_dc[0m,OAI-XMLFile-2.21,XMLFile,w9,oai.pl?verb=ListRecords&metadataPrefix=oai_dc[0m,First List
[0;34mHTTP/1.1,200,2.31:::secs:,2.31,54057:::bytes,Err:510,/OAI-XMLFile-2.21/XMLFile/w9/oai.pl?verb=ListRecords&resumptionToken=!!!oai_dc!25500[0m,OAI-XMLFile-2.21,XMLFile,w9,oai.pl?verb=ListRecords&resumptionToken=!!!oai_dc!25500[0m,Last List
[0;34mHTTP/1.1,200,2.15:::secs:,2.15,54057:::bytes,Err:510,/OAI-XMLFile-2.21/XMLFile/w9/oai.pl?verb=ListRecords&resumptionToken=!!!oai_dc!25500[0m,OAI-XMLFile-2.21,XMLFile,w9,oai.pl?verb=ListRecords&resumptionToken=!!!oai_dc!25500[0m,Last List
[0;34mHTTP/1.1,200,2.16:::secs:,2.16,54057:::bytes,Err:510,/OAI-XMLFile-2.21/XMLFile/w9/oai.pl?verb=ListRecords&resumptionToken=!!!oai_dc!25500[0m,OAI-XMLFile-2.21,XMLFile,w9,oai.pl?verb=ListRecords&resumptionToken=!!!oai_dc!25500[0m,Last List
[0;34mHTTP/1.1,200,2.14:::secs:,2.14,54057:::bytes,Err:510,/OAI-XMLFile-2.21/XMLFile/w9/oai.pl?verb=ListRecords&resumptionToken=!!!oai_dc!25500[0m,OAI-XMLFile-2.21,XMLFile,w9,oai.pl?verb=ListRecords&resumptionToken=!!!oai_dc!25500[0m,Last List
[0;34mHTTP/1.1,200,2.14:::secs:,2.14,54057:::bytes,Err:510,/OAI-XMLFile-2.21/XMLFile/w9/oai.pl?verb=ListRecords&resumptionToken=!!!oai_dc!25500[0m,OAI-XMLFile-2.21,XMLFile,w9,oai.pl?verb=ListRecords&resumptionToken=!!!oai_dc!25500[0m,Last List
[0;34mHTTP/1.1,200,13.27:::secs:,13.27,96542:::bytes,Err:510,/OAI-XMLFile-2.21/XMLFile/w10/oai.pl?verb=ListRecords&metadataPrefix=oai_dc[0m,OAI-XMLFile-2.21,XMLFile,w10,oai.pl?verb=ListRecords&metadataPrefix=oai_dc[0m,First List
[0;34mHTTP/1.1,200,3.79:::secs:,3.79,96542:::bytes,Err:510,/OAI-XMLFile-2.21/XMLFile/w10/oai.pl?verb=ListRecords&metadataPrefix=oai_dc[0m,OAI-XMLFile-2.21,XMLFile,w10,oai.pl?verb=ListRecords&metadataPrefix=oai_dc[0m,First List
[0;34mHTTP/1.1,200,3.81:::secs:,3.81,96542:::bytes,Err:510,/OAI-XMLFile-2.21/XMLFile/w10/oai.pl?verb=ListRecords&metadataPrefix=oai_dc[0m,OAI-XMLFile-2.21,XMLFile,w10,oai.pl?verb=ListRecords&metadataPrefix=oai_dc[0m,First List
[0;34mHTTP/1.1,200,3.80:::secs:,3.8,96542:::bytes,Err:510,/OAI-XMLFile-2.21/XMLFile/w10/oai.pl?verb=ListRecords&metadataPrefix=oai_dc[0m,OAI-XMLFile-2.21,XMLFile,w10,oai.pl?verb=ListRecords&metadataPrefix=oai_dc[0m,First List
[0;34mHTTP/1.1,200,3.84:::secs:,3.84,96542:::bytes,Err:510,/OAI-XMLFile-2.21/XMLFile/w10/oai.pl?verb=ListRecords&metadataPrefix=oai_dc[0m,OAI-XMLFile-2.21,XMLFile,w10,oai.pl?verb=ListRecords&metadataPrefix=oai_dc[0m,First List
[0;34mHTTP/1.1,200,4.36:::secs:,4.36,43304:::bytes,Err:510,/OAI-XMLFile-2.21/XMLFile/w10/oai.pl?verb=ListRecords&resumptionToken=!!!oai_dc!51100[0m,OAI-XMLFile-2.21,XMLFile,w10,oai.pl?verb=ListRecords&resumptionToken=!!!oai_dc!51100[0m,Last List
[0;34mHTTP/1.1,200,3.82:::secs:,3.82,43304:::bytes,Err:510,/OAI-XMLFile-2.21/XMLFile/w10/oai.pl?verb=ListRecords&resumptionToken=!!!oai_dc!51100[0m,OAI-XMLFile-2.21,XMLFile,w10,oai.pl?verb=ListRecords&resumptionToken=!!!oai_dc!51100[0m,Last List
[0;34mHTTP/1.1,200,3.82:::secs:,3.82,43304:::bytes,Err:510,/OAI-XMLFile-2.21/XMLFile/w10/oai.pl?verb=ListRecords&resumptionToken=!!!oai_dc!51100[0m,OAI-XMLFile-2.21,XMLFile,w10,oai.pl?verb=ListRecords&resumptionToken=!!!oai_dc!51100[0m,Last List
[0;34mHTTP/1.1,200,3.79:::secs:,3.79,43301:::bytes,Err:510,/OAI-XMLFile-2.21/XMLFile/w10/oai.pl?verb=ListRecords&resumptionToken=!!!oai_dc!51100[0m,OAI-XMLFile-2.21,XMLFile,w10,oai.pl?verb=ListRecords&resumptionToken=!!!oai_dc!51100[0m,Last List
[0;34mHTTP/1.1,200,3.79:::secs:,3.79,43304:::bytes,Err:510,/OAI-XMLFile-2.21/XMLFile/w10/oai.pl?verb=ListRecords&resumptionToken=!!!oai_dc!51100[0m,OAI-XMLFile-2.21,XMLFile,w10,oai.pl?verb=ListRecords&resumptionToken=!!!oai_dc!51100[0m,Last List
[0;34mHTTP/1.1,200,20.20:::secs:,20.2,106244:::bytes,Err:510,/OAI-XMLFile-2.21/XMLFile/w11/oai.pl?verb=ListRecords&metadataPrefix=oai_dc[0m,OAI-XMLFile-2.21,XMLFile,w11,oai.pl?verb=ListRecords&metadataPrefix=oai_dc[0m,First List
[0;34mHTTP/1.1,200,7.13:::secs:,7.13,106243:::bytes,Err:510,/OAI-XMLFile-2.21/XMLFile/w11/oai.pl?verb=ListRecords&metadataPrefix=oai_dc[0m,OAI-XMLFile-2.21,XMLFile,w11,oai.pl?verb=ListRecords&metadataPrefix=oai_dc[0m,First List
[0;34mHTTP/1.1,200,7.14:::secs:,7.14,106244:::bytes,Err:510,/OAI-XMLFile-2.21/XMLFile/w11/oai.pl?verb=ListRecords&metadataPrefix=oai_dc[0m,OAI-XMLFile-2.21,XMLFile,w11,oai.pl?verb=ListRecords&metadataPrefix=oai_dc[0m,First List
[0;34mHTTP/1.1,200,7.15:::secs:,7.15,106243:::bytes,Err:510,/OAI-XMLFile-2.21/XMLFile/w11/oai.pl?verb=ListRecords&metadataPrefix=oai_dc[0m,OAI-XMLFile-2.21,XMLFile,w11,oai.pl?verb=ListRecords&metadataPrefix=oai_dc[0m,First List
[0;34mHTTP/1.1,200,7.19:::secs:,7.19,106244:::bytes,Err:510,/OAI-XMLFile-2.21/XMLFile/w11/oai.pl?verb=ListRecords&metadataPrefix=oai_dc[0m,OAI-XMLFile-2.21,XMLFile,w11,oai.pl?verb=ListRecords&metadataPrefix=oai_dc[0m,First List
[0;34mHTTP/1.1,200,7.25:::secs:,7.25,43227:::bytes,Err:510,/OAI-XMLFile-2.21/XMLFile/w11/oai.pl?verb=ListRecords&resumptionToken=!!!oai_dc!102300[0m,OAI-XMLFile-2.21,XMLFile,w11,oai.pl?verb=ListRecords&resumptionToken=!!!oai_dc!102300[0m,Last List
[0;34mHTTP/1.1,200,7.17:::secs:,7.17,43227:::bytes,Err:510,/OAI-XMLFile-2.21/XMLFile/w11/oai.pl?verb=ListRecords&resumptionToken=!!!oai_dc!102300[0m,OAI-XMLFile-2.21,XMLFile,w11,oai.pl?verb=ListRecords&resumptionToken=!!!oai_dc!102300[0m,Last List
[0;34mHTTP/1.1,200,7.18:::secs:,7.18,43227:::bytes,Err:510,/OAI-XMLFile-2.21/XMLFile/w11/oai.pl?verb=ListRecords&resumptionToken=!!!oai_dc!102300[0m,OAI-XMLFile-2.21,XMLFile,w11,oai.pl?verb=ListRecords&resumptionToken=!!!oai_dc!102300[0m,Last List
[0;34mHTTP/1.1,200,7.18:::secs:,7.18,43227:::bytes,Err:510,/OAI-XMLFile-2.21/XMLFile/w11/oai.pl?verb=ListRecords&resumptionToken=!!!oai_dc!102300[0m,OAI-XMLFile-2.21,XMLFile,w11,oai.pl?verb=ListRecords&resumptionToken=!!!oai_dc!102300[0m,Last List
[0;34mHTTP/1.1,200,7.15:::secs:,7.15,43227:::bytes,Err:510,/OAI-XMLFile-2.21/XMLFile/w11/oai.pl?verb=ListRecords&resumptionToken=!!!oai_dc!102300[0m,OAI-XMLFile-2.21,XMLFile,w11,oai.pl?verb=ListRecords&resumptionToken=!!!oai_dc!102300[0m,Last List
[0;34mHTTP/1.1,200,33.27:::secs:,33.27,100605:::bytes,Err:510,/OAI-XMLFile-2.21/XMLFile/w12/oai.pl?verb=ListRecords&metadataPrefix=oai_dc[0m,OAI-XMLFile-2.21,XMLFile,w12,oai.pl?verb=ListRecords&metadataPrefix=oai_dc[0m,First List
[0;34mHTTP/1.1,200,13.99:::secs:,13.99,100605:::bytes,Err:510,/OAI-XMLFile-2.21/XMLFile/w12/oai.pl?verb=ListRecords&metadataPrefix=oai_dc[0m,OAI-XMLFile-2.21,XMLFile,w12,oai.pl?verb=ListRecords&metadataPrefix=oai_dc[0m,First List
[0;34mHTTP/1.1,200,14.18:::secs:,14.18,100605:::bytes,Err:510,/OAI-XMLFile-2.21/XMLFile/w12/oai.pl?verb=ListRecords&metadataPrefix=oai_dc[0m,OAI-XMLFile-2.21,XMLFile,w12,oai.pl?verb=ListRecords&metadataPrefix=oai_dc[0m,First List
[0;34mHTTP/1.1,200,14.11:::secs:,14.11,100605:::bytes,Err:510,/OAI-XMLFile-2.21/XMLFile/w12/oai.pl?verb=ListRecords&metadataPrefix=oai_dc[0m,OAI-XMLFile-2.21,XMLFile,w12,oai.pl?verb=ListRecords&metadataPrefix=oai_dc[0m,First List
[0;34mHTTP/1.1,200,14.26:::secs:,14.26,100604:::bytes,Err:510,/OAI-XMLFile-2.21/XMLFile/w12/oai.pl?verb=ListRecords&metadataPrefix=oai_dc[0m,OAI-XMLFile-2.21,XMLFile,w12,oai.pl?verb=ListRecords&metadataPrefix=oai_dc[0m,First List
[0;34mHTTP/1.1,200,14.77:::secs:,14.77,52635:::bytes,Err:510,/OAI-XMLFile-2.21/XMLFile/w12/oai.pl?verb=ListRecords&resumptionToken=!!!oai_dc!204700[0m,OAI-XMLFile-2.21,XMLFile,w12,oai.pl?verb=ListRecords&resumptionToken=!!!oai_dc!204700[0m,Last List
[0;34mHTTP/1.1,200,14.34:::secs:,14.34,52635:::bytes,Err:510,/OAI-XMLFile-2.21/XMLFile/w12/oai.pl?verb=ListRecords&resumptionToken=!!!oai_dc!204700[0m,OAI-XMLFile-2.21,XMLFile,w12,oai.pl?verb=ListRecords&resumptionToken=!!!oai_dc!204700[0m,Last List
[0;34mHTTP/1.1,200,14.28:::secs:,14.28,52635:::bytes,Err:510,/OAI-XMLFile-2.21/XMLFile/w12/oai.pl?verb=ListRecords&resumptionToken=!!!oai_dc!204700[0m,OAI-XMLFile-2.21,XMLFile,w12,oai.pl?verb=ListRecords&resumptionToken=!!!oai_dc!204700[0m,Last List
[0;34mHTTP/1.1,200,14.15:::secs:,14.15,52635:::bytes,Err:510,/OAI-XMLFile-2.21/XMLFile/w12/oai.pl?verb=ListRecords&resumptionToken=!!!oai_dc!204700[0m,OAI-XMLFile-2.21,XMLFile,w12,oai.pl?verb=ListRecords&resumptionToken=!!!oai_dc!204700[0m,Last List
[0;34mHTTP/1.1,200,14.22:::secs:,14.22,52635:::bytes,Err:510,/OAI-XMLFile-2.21/XMLFile/w12/oai.pl?verb=ListRecords&resumptionToken=!!!oai_dc!204700[0m,OAI-XMLFile-2.21,XMLFile,w12,oai.pl?verb=ListRecords&resumptionToken=!!!oai_dc!204700[0m,Last List
[0;34mHTTP/1.1,200,62.52:::secs:,62.52,102746:::bytes,Err:510,/OAI-XMLFile-2.21/XMLFile/w13/oai.pl?verb=ListRecords&metadataPrefix=oai_dc[0m,OAI-XMLFile-2.21,XMLFile,w13,oai.pl?verb=ListRecords&metadataPrefix=oai_dc[0m,First List
[0;34mHTTP/1.1,200,27.89:::secs:,27.89,102746:::bytes,Err:510,/OAI-XMLFile-2.21/XMLFile/w13/oai.pl?verb=ListRecords&metadataPrefix=oai_dc[0m,OAI-XMLFile-2.21,XMLFile,w13,oai.pl?verb=ListRecords&metadataPrefix=oai_dc[0m,First List
[0;34mHTTP/1.1,200,27.94:::secs:,27.94,102746:::bytes,Err:510,/OAI-XMLFile-2.21/XMLFile/w13/oai.pl?verb=ListRecords&metadataPrefix=oai_dc[0m,OAI-XMLFile-2.21,XMLFile,w13,oai.pl?verb=ListRecords&metadataPrefix=oai_dc[0m,First List
[0;34mHTTP/1.1,200,28.01:::secs:,28.01,102746:::bytes,Err:510,/OAI-XMLFile-2.21/XMLFile/w13/oai.pl?verb=ListRecords&metadataPrefix=oai_dc[0m,OAI-XMLFile-2.21,XMLFile,w13,oai.pl?verb=ListRecords&metadataPrefix=oai_dc[0m,First List
[0;34mHTTP/1.1,200,28.17:::secs:,28.17,102744:::bytes,Err:510,/OAI-XMLFile-2.21/XMLFile/w13/oai.pl?verb=ListRecords&metadataPrefix=oai_dc[0m,OAI-XMLFile-2.21,XMLFile,w13,oai.pl?verb=ListRecords&metadataPrefix=oai_dc[0m,First List
[0;34mHTTP/1.1,200,28.65:::secs:,28.65,49698:::bytes,Err:510,/OAI-XMLFile-2.21/XMLFile/w13/oai.pl?verb=ListRecords&resumptionToken=!!!oai_dc!409500[0m,OAI-XMLFile-2.21,XMLFile,w13,oai.pl?verb=ListRecords&resumptionToken=!!!oai_dc!409500[0m,Last List
[0;34mHTTP/1.1,200,28.17:::secs:,28.17,49695:::bytes,Err:510,/OAI-XMLFile-2.21/XMLFile/w13/oai.pl?verb=ListRecords&resumptionToken=!!!oai_dc!409500[0m,OAI-XMLFile-2.21,XMLFile,w13,oai.pl?verb=ListRecords&resumptionToken=!!!oai_dc!409500[0m,Last List
[0;34mHTTP/1.1,200,28.14:::secs:,28.14,49696:::bytes,Err:510,/OAI-XMLFile-2.21/XMLFile/w13/oai.pl?verb=ListRecords&resumptionToken=!!!oai_dc!409500[0m,OAI-XMLFile-2.21,XMLFile,w13,oai.pl?verb=ListRecords&resumptionToken=!!!oai_dc!409500[0m,Last List
[0;34mHTTP/1.1,200,27.96:::secs:,27.96,49698:::bytes,Err:510,/OAI-XMLFile-2.21/XMLFile/w13/oai.pl?verb=ListRecords&resumptionToken=!!!oai_dc!409500[0m,OAI-XMLFile-2.21,XMLFile,w13,oai.pl?verb=ListRecords&resumptionToken=!!!oai_dc!409500[0m,Last List
[0;34mHTTP/1.1,200,27.95:::secs:,27.95,49698:::bytes,Err:510,/OAI-XMLFile-2.21/XMLFile/w13/oai.pl?verb=ListRecords&resumptionToken=!!!oai_dc!409500[0m,OAI-XMLFile-2.21,XMLFile,w13,oai.pl?verb=ListRecords&resumptionToken=!!!oai_dc!409500[0m,Last List
[0;34mHTTP/1.1,200,153.03:::secs:,153.03,97925:::bytes,Err:510,/OAI-XMLFile-2.21/XMLFile/w14/oai.pl?verb=ListRecords&metadataPrefix=oai_dc[0m,OAI-XMLFile-2.21,XMLFile,w14,oai.pl?verb=ListRecords&metadataPrefix=oai_dc[0m,First List
[0;34mHTTP/1.1,200,148.75:::secs:,148.75,97925:::bytes,Err:510,/OAI-XMLFile-2.21/XMLFile/w14/oai.pl?verb=ListRecords&metadataPrefix=oai_dc[0m,OAI-XMLFile-2.21,XMLFile,w14,oai.pl?verb=ListRecords&metadataPrefix=oai_dc[0m,First List
[0;34mHTTP/1.1,200,151.54:::secs:,151.54,97925:::bytes,Err:510,/OAI-XMLFile-2.21/XMLFile/w14/oai.pl?verb=ListRecords&metadataPrefix=oai_dc[0m,OAI-XMLFile-2.21,XMLFile,w14,oai.pl?verb=ListRecords&metadataPrefix=oai_dc[0m,First List
[0;34mHTTP/1.1,200,150.84:::secs:,150.84,97925:::bytes,Err:510,/OAI-XMLFile-2.21/XMLFile/w14/oai.pl?verb=ListRecords&metadataPrefix=oai_dc[0m,OAI-XMLFile-2.21,XMLFile,w14,oai.pl?verb=ListRecords&metadataPrefix=oai_dc[0m,First List
[0;34mHTTP/1.1,200,150.80:::secs:,150.8,97922:::bytes,Err:510,/OAI-XMLFile-2.21/XMLFile/w14/oai.pl?verb=ListRecords&metadataPrefix=oai_dc[0m,OAI-XMLFile-2.21,XMLFile,w14,oai.pl?verb=ListRecords&metadataPrefix=oai_dc[0m,First List
[0;34mHTTP/1.1,200,153.27:::secs:,153.27,59555:::bytes,Err:510,/OAI-XMLFile-2.21/XMLFile/w14/oai.pl?verb=ListRecords&resumptionToken=!!!oai_dc!819100[0m,OAI-XMLFile-2.21,XMLFile,w14,oai.pl?verb=ListRecords&resumptionToken=!!!oai_dc!819100[0m,Last List
[0;34mHTTP/1.1,200,152.43:::secs:,152.43,59555:::bytes,Err:510,/OAI-XMLFile-2.21/XMLFile/w14/oai.pl?verb=ListRecords&resumptionToken=!!!oai_dc!819100[0m,OAI-XMLFile-2.21,XMLFile,w14,oai.pl?verb=ListRecords&resumptionToken=!!!oai_dc!819100[0m,Last List
[0;34mHTTP/1.1,200,156.44:::secs:,156.44,59555:::bytes,Err:510,/OAI-XMLFile-2.21/XMLFile/w14/oai.pl?verb=ListRecords&resumptionToken=!!!oai_dc!819100[0m,OAI-XMLFile-2.21,XMLFile,w14,oai.pl?verb=ListRecords&resumptionToken=!!!oai_dc!819100[0m,Last List
[0;34mHTTP/1.1,200,153.62:::secs:,153.62,59555:::bytes,Err:510,/OAI-XMLFile-2.21/XMLFile/w14/oai.pl?verb=ListRecords&resumptionToken=!!!oai_dc!819100[0m,OAI-XMLFile-2.21,XMLFile,w14,oai.pl?verb=ListRecords&resumptionToken=!!!oai_dc!819100[0m,Last List
[0;34mHTTP/1.1,200,151.34:::secs:,151.34,59554:::bytes,Err:510,/OAI-XMLFile-2.21/XMLFile/w14/oai.pl?verb=ListRecords&resumptionToken=!!!oai_dc!819100[0m,OAI-XMLFile-2.21,XMLFile,w14,oai.pl?verb=ListRecords&resumptionToken=!!!oai_dc!819100[0m,Last List
[0;34mHTTP/1.1,200,326.48:::secs:,326.48,96323:::bytes,Err:510,/OAI-XMLFile-2.21/XMLFile/w15/oai.pl?verb=ListRecords&metadataPrefix=oai_dc[0m,OAI-XMLFile-2.21,XMLFile,w15,oai.pl?verb=ListRecords&metadataPrefix=oai_dc[0m,First List
[0;34mHTTP/1.1,200,326.47:::secs:,326.47,96324:::bytes,Err:510,/OAI-XMLFile-2.21/XMLFile/w15/oai.pl?verb=ListRecords&metadataPrefix=oai_dc[0m,OAI-XMLFile-2.21,XMLFile,w15,oai.pl?verb=ListRecords&metadataPrefix=oai_dc[0m,First List
[0;34mHTTP/1.1,200,326.92:::secs:,326.92,96324:::bytes,Err:510,/OAI-XMLFile-2.21/XMLFile/w15/oai.pl?verb=ListRecords&metadataPrefix=oai_dc[0m,OAI-XMLFile-2.21,XMLFile,w15,oai.pl?verb=ListRecords&metadataPrefix=oai_dc[0m,First List
[0;34mHTTP/1.1,200,326.63:::secs:,326.63,96324:::bytes,Err:510,/OAI-XMLFile-2.21/XMLFile/w15/oai.pl?verb=ListRecords&metadataPrefix=oai_dc[0m,OAI-XMLFile-2.21,XMLFile,w15,oai.pl?verb=ListRecords&metadataPrefix=oai_dc[0m,First List
[0;34mHTTP/1.1,200,328.76:::secs:,328.76,96324:::bytes,Err:510,/OAI-XMLFile-2.21/XMLFile/w15/oai.pl?verb=ListRecords&metadataPrefix=oai_dc[0m,OAI-XMLFile-2.21,XMLFile,w15,oai.pl?verb=ListRecords&metadataPrefix=oai_dc[0m,First List
[0;34mHTTP/1.1,200,328.85:::secs:,328.85,62333:::bytes,Err:510,/OAI-XMLFile-2.21/XMLFile/w15/oai.pl?verb=ListRecords&resumptionToken=!!!oai_dc!1638300[0m,OAI-XMLFile-2.21,XMLFile,w15,oai.pl?verb=ListRecords&resumptionToken=!!!oai_dc!1638300[0m,Last List
[0;34mHTTP/1.1,200,329.95:::secs:,329.95,62333:::bytes,Err:510,/OAI-XMLFile-2.21/XMLFile/w15/oai.pl?verb=ListRecords&resumptionToken=!!!oai_dc!1638300[0m,OAI-XMLFile-2.21,XMLFile,w15,oai.pl?verb=ListRecords&resumptionToken=!!!oai_dc!1638300[0m,Last List
[0;34mHTTP/1.1,200,336.24:::secs:,336.24,62333:::bytes,Err:510,/OAI-XMLFile-2.21/XMLFile/w15/oai.pl?verb=ListRecords&resumptionToken=!!!oai_dc!1638300[0m,OAI-XMLFile-2.21,XMLFile,w15,oai.pl?verb=ListRecords&resumptionToken=!!!oai_dc!1638300[0m,Last List
[0;34mHTTP/1.1,200,328.29:::secs:,328.29,62332:::bytes,Err:510,/OAI-XMLFile-2.21/XMLFile/w15/oai.pl?verb=ListRecords&resumptionToken=!!!oai_dc!1638300[0m,OAI-XMLFile-2.21,XMLFile,w15,oai.pl?verb=ListRecords&resumptionToken=!!!oai_dc!1638300[0m,Last List
[0;34mHTTP/1.1,200,330.37:::secs:,330.37,62333:::bytes,Err:510,/OAI-XMLFile-2.21/XMLFile/w15/oai.pl?verb=ListRecords&resumptionToken=!!!oai_dc!1638300[0m,OAI-XMLFile-2.21,XMLFile,w15,oai.pl?verb=ListRecords&resumptionToken=!!!oai_dc!1638300[0m,Last List
