[0;34mHTTP/1.1,200,1.72:::secs:,93139:::bytes,==>,/OAI-XMLFile-2.21/XMLFile/w1/oai.pl?verb=ListRecords&metadataPrefix=oai_dc[0m
[0;34mHTTP/1.1,200,0.56:::secs:,93139:::bytes,==>,/OAI-XMLFile-2.21/XMLFile/w1/oai.pl?verb=ListRecords&metadataPrefix=oai_dc[0m
[0;34mHTTP/1.1,200,0.53:::secs:,93139:::bytes,==>,/OAI-XMLFile-2.21/XMLFile/w1/oai.pl?verb=ListRecords&metadataPrefix=oai_dc[0m
[0;34mHTTP/1.1,200,0.51:::secs:,93139:::bytes,==>,/OAI-XMLFile-2.21/XMLFile/w1/oai.pl?verb=ListRecords&metadataPrefix=oai_dc[0m
[0;34mHTTP/1.1,200,0.53:::secs:,93139:::bytes,==>,/OAI-XMLFile-2.21/XMLFile/w1/oai.pl?verb=ListRecords&metadataPrefix=oai_dc[0m
[0;34mHTTP/1.1,200,0.01:::secs:,1072:::bytes,==>,/OAI-XMLFile-2.21/XMLFile/w1/oai.pl?verb=ListIdentifiers&metadataPrefix=oai_dc[0m
[0;34mHTTP/1.1,200,0.02:::secs:,1073:::bytes,==>,/OAI-XMLFile-2.21/XMLFile/w1/oai.pl?verb=ListIdentifiers&metadataPrefix=oai_dc[0m
[0;34mHTTP/1.1,200,0.01:::secs:,1072:::bytes,==>,/OAI-XMLFile-2.21/XMLFile/w1/oai.pl?verb=ListIdentifiers&metadataPrefix=oai_dc[0m
[0;34mHTTP/1.1,200,0.02:::secs:,1071:::bytes,==>,/OAI-XMLFile-2.21/XMLFile/w1/oai.pl?verb=ListIdentifiers&metadataPrefix=oai_dc[0m
[0;34mHTTP/1.1,200,0.02:::secs:,1072:::bytes,==>,/OAI-XMLFile-2.21/XMLFile/w1/oai.pl?verb=ListIdentifiers&metadataPrefix=oai_dc[0m
[0;34mHTTP/1.1,200,0.01:::secs:,290:::bytes,==>,/OAI-XMLFile-2.21/XMLFile/w1/oai.pl?verb=ListSets[0m
[0;34mHTTP/1.1,200,0.00:::secs:,290:::bytes,==>,/OAI-XMLFile-2.21/XMLFile/w1/oai.pl?verb=ListSets[0m
[0;34mHTTP/1.1,200,0.01:::secs:,290:::bytes,==>,/OAI-XMLFile-2.21/XMLFile/w1/oai.pl?verb=ListSets[0m
[0;34mHTTP/1.1,200,0.01:::secs:,290:::bytes,==>,/OAI-XMLFile-2.21/XMLFile/w1/oai.pl?verb=ListSets[0m
[0;34mHTTP/1.1,200,0.01:::secs:,290:::bytes,==>,/OAI-XMLFile-2.21/XMLFile/w1/oai.pl?verb=ListSets[0m
[0;34mHTTP/1.1,200,0.02:::secs:,1727:::bytes,==>,/OAI-XMLFile-2.21/XMLFile/w1/oai.pl?verb=GetRecord&metadataPrefix=oai_dc&identifier=oai-union.ndltd.org-TW--090NCU05015040.metadata[0m
[0;34mHTTP/1.1,200,0.02:::secs:,1728:::bytes,==>,/OAI-XMLFile-2.21/XMLFile/w1/oai.pl?verb=GetRecord&metadataPrefix=oai_dc&identifier=oai-union.ndltd.org-TW--090NCU05015040.metadata[0m
[0;34mHTTP/1.1,200,0.01:::secs:,1728:::bytes,==>,/OAI-XMLFile-2.21/XMLFile/w1/oai.pl?verb=GetRecord&metadataPrefix=oai_dc&identifier=oai-union.ndltd.org-TW--090NCU05015040.metadata[0m
[0;34mHTTP/1.1,200,0.01:::secs:,1728:::bytes,==>,/OAI-XMLFile-2.21/XMLFile/w1/oai.pl?verb=GetRecord&metadataPrefix=oai_dc&identifier=oai-union.ndltd.org-TW--090NCU05015040.metadata[0m
[0;34mHTTP/1.1,200,0.02:::secs:,1728:::bytes,==>,/OAI-XMLFile-2.21/XMLFile/w1/oai.pl?verb=GetRecord&metadataPrefix=oai_dc&identifier=oai-union.ndltd.org-TW--090NCU05015040.metadata[0m
[0;34mHTTP/1.1,200,0.00:::secs:,291:::bytes,==>,/OAI-XMLFile-2.21/XMLFile/w1/oai.pl?verb=ListRecords&metadataPrefix=oai_dc&identifier=oai-union.ndltd.org-TW--090NTNU0395018.metadata[0m
[0;34mHTTP/1.1,200,0.01:::secs:,291:::bytes,==>,/OAI-XMLFile-2.21/XMLFile/w1/oai.pl?verb=ListRecords&metadataPrefix=oai_dc&identifier=oai-union.ndltd.org-TW--090NTNU0395018.metadata[0m
[0;34mHTTP/1.1,200,0.01:::secs:,291:::bytes,==>,/OAI-XMLFile-2.21/XMLFile/w1/oai.pl?verb=ListRecords&metadataPrefix=oai_dc&identifier=oai-union.ndltd.org-TW--090NTNU0395018.metadata[0m
[0;34mHTTP/1.1,200,0.00:::secs:,291:::bytes,==>,/OAI-XMLFile-2.21/XMLFile/w1/oai.pl?verb=ListRecords&metadataPrefix=oai_dc&identifier=oai-union.ndltd.org-TW--090NTNU0395018.metadata[0m
[0;34mHTTP/1.1,200,0.01:::secs:,291:::bytes,==>,/OAI-XMLFile-2.21/XMLFile/w1/oai.pl?verb=ListRecords&metadataPrefix=oai_dc&identifier=oai-union.ndltd.org-TW--090NTNU0395018.metadata[0m
[0;34mHTTP/1.1,200,1.14:::secs:,189858:::bytes,==>,/OAI-XMLFile-2.21/XMLFile/w2/oai.pl?verb=ListRecords&metadataPrefix=oai_dc[0m
[0;34mHTTP/1.1,200,1.05:::secs:,189858:::bytes,==>,/OAI-XMLFile-2.21/XMLFile/w2/oai.pl?verb=ListRecords&metadataPrefix=oai_dc[0m
[0;34mHTTP/1.1,200,1.06:::secs:,189858:::bytes,==>,/OAI-XMLFile-2.21/XMLFile/w2/oai.pl?verb=ListRecords&metadataPrefix=oai_dc[0m
[0;34mHTTP/1.1,200,1.07:::secs:,189858:::bytes,==>,/OAI-XMLFile-2.21/XMLFile/w2/oai.pl?verb=ListRecords&metadataPrefix=oai_dc[0m
[0;34mHTTP/1.1,200,1.07:::secs:,189857:::bytes,==>,/OAI-XMLFile-2.21/XMLFile/w2/oai.pl?verb=ListRecords&metadataPrefix=oai_dc[0m
[0;34mHTTP/1.1,200,0.02:::secs:,1684:::bytes,==>,/OAI-XMLFile-2.21/XMLFile/w2/oai.pl?verb=ListIdentifiers&metadataPrefix=oai_dc[0m
[0;34mHTTP/1.1,200,0.03:::secs:,1685:::bytes,==>,/OAI-XMLFile-2.21/XMLFile/w2/oai.pl?verb=ListIdentifiers&metadataPrefix=oai_dc[0m
[0;34mHTTP/1.1,200,0.02:::secs:,1685:::bytes,==>,/OAI-XMLFile-2.21/XMLFile/w2/oai.pl?verb=ListIdentifiers&metadataPrefix=oai_dc[0m
[0;34mHTTP/1.1,200,0.03:::secs:,1685:::bytes,==>,/OAI-XMLFile-2.21/XMLFile/w2/oai.pl?verb=ListIdentifiers&metadataPrefix=oai_dc[0m
[0;34mHTTP/1.1,200,0.02:::secs:,1684:::bytes,==>,/OAI-XMLFile-2.21/XMLFile/w2/oai.pl?verb=ListIdentifiers&metadataPrefix=oai_dc[0m
[0;34mHTTP/1.1,200,0.01:::secs:,288:::bytes,==>,/OAI-XMLFile-2.21/XMLFile/w2/oai.pl?verb=ListSets[0m
[0;34mHTTP/1.1,200,0.01:::secs:,290:::bytes,==>,/OAI-XMLFile-2.21/XMLFile/w2/oai.pl?verb=ListSets[0m
[0;34mHTTP/1.1,200,0.01:::secs:,290:::bytes,==>,/OAI-XMLFile-2.21/XMLFile/w2/oai.pl?verb=ListSets[0m
[0;34mHTTP/1.1,200,0.01:::secs:,290:::bytes,==>,/OAI-XMLFile-2.21/XMLFile/w2/oai.pl?verb=ListSets[0m
[0;34mHTTP/1.1,200,0.01:::secs:,290:::bytes,==>,/OAI-XMLFile-2.21/XMLFile/w2/oai.pl?verb=ListSets[0m
[0;34mHTTP/1.1,200,0.02:::secs:,637:::bytes,==>,/OAI-XMLFile-2.21/XMLFile/w2/oai.pl?verb=GetRecord&metadataPrefix=oai_dc&identifier=oai-union.ndltd.org-TW--090NCHU0402007.metadata[0m
[0;34mHTTP/1.1,200,0.02:::secs:,637:::bytes,==>,/OAI-XMLFile-2.21/XMLFile/w2/oai.pl?verb=GetRecord&metadataPrefix=oai_dc&identifier=oai-union.ndltd.org-TW--090NCHU0402007.metadata[0m
[0;34mHTTP/1.1,200,0.01:::secs:,636:::bytes,==>,/OAI-XMLFile-2.21/XMLFile/w2/oai.pl?verb=GetRecord&metadataPrefix=oai_dc&identifier=oai-union.ndltd.org-TW--090NCHU0402007.metadata[0m
[0;34mHTTP/1.1,200,0.02:::secs:,636:::bytes,==>,/OAI-XMLFile-2.21/XMLFile/w2/oai.pl?verb=GetRecord&metadataPrefix=oai_dc&identifier=oai-union.ndltd.org-TW--090NCHU0402007.metadata[0m
[0;34mHTTP/1.1,200,0.01:::secs:,636:::bytes,==>,/OAI-XMLFile-2.21/XMLFile/w2/oai.pl?verb=GetRecord&metadataPrefix=oai_dc&identifier=oai-union.ndltd.org-TW--090NCHU0402007.metadata[0m
[0;34mHTTP/1.1,200,0.01:::secs:,291:::bytes,==>,/OAI-XMLFile-2.21/XMLFile/w2/oai.pl?verb=ListRecords&metadataPrefix=oai_dc&identifier=oai-union.ndltd.org-TW--090NTNU0395018.metadata[0m
[0;34mHTTP/1.1,200,0.01:::secs:,291:::bytes,==>,/OAI-XMLFile-2.21/XMLFile/w2/oai.pl?verb=ListRecords&metadataPrefix=oai_dc&identifier=oai-union.ndltd.org-TW--090NTNU0395018.metadata[0m
[0;34mHTTP/1.1,200,0.01:::secs:,291:::bytes,==>,/OAI-XMLFile-2.21/XMLFile/w2/oai.pl?verb=ListRecords&metadataPrefix=oai_dc&identifier=oai-union.ndltd.org-TW--090NTNU0395018.metadata[0m
[0;34mHTTP/1.1,200,0.00:::secs:,291:::bytes,==>,/OAI-XMLFile-2.21/XMLFile/w2/oai.pl?verb=ListRecords&metadataPrefix=oai_dc&identifier=oai-union.ndltd.org-TW--090NTNU0395018.metadata[0m
[0;34mHTTP/1.1,200,0.01:::secs:,291:::bytes,==>,/OAI-XMLFile-2.21/XMLFile/w2/oai.pl?verb=ListRecords&metadataPrefix=oai_dc&identifier=oai-union.ndltd.org-TW--090NTNU0395018.metadata[0m
[0;34mHTTP/1.1,200,3.23:::secs:,387103:::bytes,==>,/OAI-XMLFile-2.21/XMLFile/w3/oai.pl?verb=ListRecords&metadataPrefix=oai_dc[0m
[0;34mHTTP/1.1,200,2.16:::secs:,387103:::bytes,==>,/OAI-XMLFile-2.21/XMLFile/w3/oai.pl?verb=ListRecords&metadataPrefix=oai_dc[0m
[0;34mHTTP/1.1,200,2.20:::secs:,387103:::bytes,==>,/OAI-XMLFile-2.21/XMLFile/w3/oai.pl?verb=ListRecords&metadataPrefix=oai_dc[0m
[0;34mHTTP/1.1,200,2.20:::secs:,387103:::bytes,==>,/OAI-XMLFile-2.21/XMLFile/w3/oai.pl?verb=ListRecords&metadataPrefix=oai_dc[0m
[0;34mHTTP/1.1,200,2.21:::secs:,387103:::bytes,==>,/OAI-XMLFile-2.21/XMLFile/w3/oai.pl?verb=ListRecords&metadataPrefix=oai_dc[0m
[0;34mHTTP/1.1,200,0.06:::secs:,2968:::bytes,==>,/OAI-XMLFile-2.21/XMLFile/w3/oai.pl?verb=ListIdentifiers&metadataPrefix=oai_dc[0m
[0;34mHTTP/1.1,200,0.06:::secs:,2967:::bytes,==>,/OAI-XMLFile-2.21/XMLFile/w3/oai.pl?verb=ListIdentifiers&metadataPrefix=oai_dc[0m
[0;34mHTTP/1.1,200,0.05:::secs:,2967:::bytes,==>,/OAI-XMLFile-2.21/XMLFile/w3/oai.pl?verb=ListIdentifiers&metadataPrefix=oai_dc[0m
[0;34mHTTP/1.1,200,0.05:::secs:,2967:::bytes,==>,/OAI-XMLFile-2.21/XMLFile/w3/oai.pl?verb=ListIdentifiers&metadataPrefix=oai_dc[0m
[0;34mHTTP/1.1,200,0.06:::secs:,2968:::bytes,==>,/OAI-XMLFile-2.21/XMLFile/w3/oai.pl?verb=ListIdentifiers&metadataPrefix=oai_dc[0m
[0;34mHTTP/1.1,200,0.01:::secs:,290:::bytes,==>,/OAI-XMLFile-2.21/XMLFile/w3/oai.pl?verb=ListSets[0m
[0;34mHTTP/1.1,200,0.01:::secs:,290:::bytes,==>,/OAI-XMLFile-2.21/XMLFile/w3/oai.pl?verb=ListSets[0m
[0;34mHTTP/1.1,200,0.01:::secs:,290:::bytes,==>,/OAI-XMLFile-2.21/XMLFile/w3/oai.pl?verb=ListSets[0m
[0;34mHTTP/1.1,200,0.01:::secs:,290:::bytes,==>,/OAI-XMLFile-2.21/XMLFile/w3/oai.pl?verb=ListSets[0m
[0;34mHTTP/1.1,200,0.01:::secs:,290:::bytes,==>,/OAI-XMLFile-2.21/XMLFile/w3/oai.pl?verb=ListSets[0m
[0;34mHTTP/1.1,200,0.02:::secs:,2922:::bytes,==>,/OAI-XMLFile-2.21/XMLFile/w3/oai.pl?verb=GetRecord&metadataPrefix=oai_dc&identifier=oai-union.ndltd.org-TW--100FJU00023021.metadata[0m
[0;34mHTTP/1.1,200,0.02:::secs:,2923:::bytes,==>,/OAI-XMLFile-2.21/XMLFile/w3/oai.pl?verb=GetRecord&metadataPrefix=oai_dc&identifier=oai-union.ndltd.org-TW--100FJU00023021.metadata[0m
[0;34mHTTP/1.1,200,0.02:::secs:,2923:::bytes,==>,/OAI-XMLFile-2.21/XMLFile/w3/oai.pl?verb=GetRecord&metadataPrefix=oai_dc&identifier=oai-union.ndltd.org-TW--100FJU00023021.metadata[0m
[0;34mHTTP/1.1,200,0.02:::secs:,2923:::bytes,==>,/OAI-XMLFile-2.21/XMLFile/w3/oai.pl?verb=GetRecord&metadataPrefix=oai_dc&identifier=oai-union.ndltd.org-TW--100FJU00023021.metadata[0m
[0;34mHTTP/1.1,200,0.02:::secs:,2923:::bytes,==>,/OAI-XMLFile-2.21/XMLFile/w3/oai.pl?verb=GetRecord&metadataPrefix=oai_dc&identifier=oai-union.ndltd.org-TW--100FJU00023021.metadata[0m
[0;34mHTTP/1.1,200,0.01:::secs:,291:::bytes,==>,/OAI-XMLFile-2.21/XMLFile/w3/oai.pl?verb=ListRecords&metadataPrefix=oai_dc&identifier=oai-union.ndltd.org-TW--090NCTU0489014.metadata[0m
[0;34mHTTP/1.1,200,0.01:::secs:,291:::bytes,==>,/OAI-XMLFile-2.21/XMLFile/w3/oai.pl?verb=ListRecords&metadataPrefix=oai_dc&identifier=oai-union.ndltd.org-TW--090NCTU0489014.metadata[0m
[0;34mHTTP/1.1,200,0.01:::secs:,291:::bytes,==>,/OAI-XMLFile-2.21/XMLFile/w3/oai.pl?verb=ListRecords&metadataPrefix=oai_dc&identifier=oai-union.ndltd.org-TW--090NCTU0489014.metadata[0m
[0;34mHTTP/1.1,200,0.00:::secs:,292:::bytes,==>,/OAI-XMLFile-2.21/XMLFile/w3/oai.pl?verb=ListRecords&metadataPrefix=oai_dc&identifier=oai-union.ndltd.org-TW--090NCTU0489014.metadata[0m
[0;34mHTTP/1.1,200,0.01:::secs:,291:::bytes,==>,/OAI-XMLFile-2.21/XMLFile/w3/oai.pl?verb=ListRecords&metadataPrefix=oai_dc&identifier=oai-union.ndltd.org-TW--090NCTU0489014.metadata[0m
[0;34mHTTP/1.1,200,4.60:::secs:,762017:::bytes,==>,/OAI-XMLFile-2.21/XMLFile/w4/oai.pl?verb=ListRecords&metadataPrefix=oai_dc[0m
[0;34mHTTP/1.1,200,4.49:::secs:,762016:::bytes,==>,/OAI-XMLFile-2.21/XMLFile/w4/oai.pl?verb=ListRecords&metadataPrefix=oai_dc[0m
[0;34mHTTP/1.1,200,4.63:::secs:,762017:::bytes,==>,/OAI-XMLFile-2.21/XMLFile/w4/oai.pl?verb=ListRecords&metadataPrefix=oai_dc[0m
[0;34mHTTP/1.1,200,4.66:::secs:,762017:::bytes,==>,/OAI-XMLFile-2.21/XMLFile/w4/oai.pl?verb=ListRecords&metadataPrefix=oai_dc[0m
[0;34mHTTP/1.1,200,4.64:::secs:,762016:::bytes,==>,/OAI-XMLFile-2.21/XMLFile/w4/oai.pl?verb=ListRecords&metadataPrefix=oai_dc[0m
[0;34mHTTP/1.1,200,0.16:::secs:,5119:::bytes,==>,/OAI-XMLFile-2.21/XMLFile/w4/oai.pl?verb=ListIdentifiers&metadataPrefix=oai_dc[0m
[0;34mHTTP/1.1,200,0.17:::secs:,5119:::bytes,==>,/OAI-XMLFile-2.21/XMLFile/w4/oai.pl?verb=ListIdentifiers&metadataPrefix=oai_dc[0m
[0;34mHTTP/1.1,200,0.16:::secs:,5119:::bytes,==>,/OAI-XMLFile-2.21/XMLFile/w4/oai.pl?verb=ListIdentifiers&metadataPrefix=oai_dc[0m
[0;34mHTTP/1.1,200,0.17:::secs:,5119:::bytes,==>,/OAI-XMLFile-2.21/XMLFile/w4/oai.pl?verb=ListIdentifiers&metadataPrefix=oai_dc[0m
[0;34mHTTP/1.1,200,0.17:::secs:,5119:::bytes,==>,/OAI-XMLFile-2.21/XMLFile/w4/oai.pl?verb=ListIdentifiers&metadataPrefix=oai_dc[0m
[0;34mHTTP/1.1,200,0.01:::secs:,289:::bytes,==>,/OAI-XMLFile-2.21/XMLFile/w4/oai.pl?verb=ListSets[0m
[0;34mHTTP/1.1,200,0.01:::secs:,289:::bytes,==>,/OAI-XMLFile-2.21/XMLFile/w4/oai.pl?verb=ListSets[0m
[0;34mHTTP/1.1,200,0.02:::secs:,289:::bytes,==>,/OAI-XMLFile-2.21/XMLFile/w4/oai.pl?verb=ListSets[0m
[0;34mHTTP/1.1,200,0.01:::secs:,290:::bytes,==>,/OAI-XMLFile-2.21/XMLFile/w4/oai.pl?verb=ListSets[0m
[0;34mHTTP/1.1,200,0.01:::secs:,290:::bytes,==>,/OAI-XMLFile-2.21/XMLFile/w4/oai.pl?verb=ListSets[0m
[0;34mHTTP/1.1,200,0.02:::secs:,1678:::bytes,==>,/OAI-XMLFile-2.21/XMLFile/w4/oai.pl?verb=GetRecord&metadataPrefix=oai_dc&identifier=oai-union.ndltd.org-TW--090NCTU0435042.metadata[0m
[0;34mHTTP/1.1,200,0.03:::secs:,1678:::bytes,==>,/OAI-XMLFile-2.21/XMLFile/w4/oai.pl?verb=GetRecord&metadataPrefix=oai_dc&identifier=oai-union.ndltd.org-TW--090NCTU0435042.metadata[0m
[0;34mHTTP/1.1,200,0.02:::secs:,1678:::bytes,==>,/OAI-XMLFile-2.21/XMLFile/w4/oai.pl?verb=GetRecord&metadataPrefix=oai_dc&identifier=oai-union.ndltd.org-TW--090NCTU0435042.metadata[0m
[0;34mHTTP/1.1,200,0.02:::secs:,1678:::bytes,==>,/OAI-XMLFile-2.21/XMLFile/w4/oai.pl?verb=GetRecord&metadataPrefix=oai_dc&identifier=oai-union.ndltd.org-TW--090NCTU0435042.metadata[0m
[0;34mHTTP/1.1,200,0.02:::secs:,1679:::bytes,==>,/OAI-XMLFile-2.21/XMLFile/w4/oai.pl?verb=GetRecord&metadataPrefix=oai_dc&identifier=oai-union.ndltd.org-TW--090NCTU0435042.metadata[0m
[0;34mHTTP/1.1,200,0.00:::secs:,290:::bytes,==>,/OAI-XMLFile-2.21/XMLFile/w4/oai.pl?verb=ListRecords&metadataPrefix=oai_dc&identifier=oai-union.ndltd.org-TW--090NCTU0423012.metadata[0m
[0;34mHTTP/1.1,200,0.01:::secs:,291:::bytes,==>,/OAI-XMLFile-2.21/XMLFile/w4/oai.pl?verb=ListRecords&metadataPrefix=oai_dc&identifier=oai-union.ndltd.org-TW--090NCTU0423012.metadata[0m
[0;34mHTTP/1.1,200,0.01:::secs:,291:::bytes,==>,/OAI-XMLFile-2.21/XMLFile/w4/oai.pl?verb=ListRecords&metadataPrefix=oai_dc&identifier=oai-union.ndltd.org-TW--090NCTU0423012.metadata[0m
[0;34mHTTP/1.1,200,0.01:::secs:,291:::bytes,==>,/OAI-XMLFile-2.21/XMLFile/w4/oai.pl?verb=ListRecords&metadataPrefix=oai_dc&identifier=oai-union.ndltd.org-TW--090NCTU0423012.metadata[0m
[0;34mHTTP/1.1,200,0.01:::secs:,291:::bytes,==>,/OAI-XMLFile-2.21/XMLFile/w4/oai.pl?verb=ListRecords&metadataPrefix=oai_dc&identifier=oai-union.ndltd.org-TW--090NCTU0423012.metadata[0m
[0;34mHTTP/1.1,200,8.31:::secs:,978345:::bytes,==>,/OAI-XMLFile-2.21/XMLFile/w5/oai.pl?verb=ListRecords&metadataPrefix=oai_dc[0m
[0;34mHTTP/1.1,200,6.02:::secs:,978344:::bytes,==>,/OAI-XMLFile-2.21/XMLFile/w5/oai.pl?verb=ListRecords&metadataPrefix=oai_dc[0m
[0;34mHTTP/1.1,200,6.23:::secs:,978345:::bytes,==>,/OAI-XMLFile-2.21/XMLFile/w5/oai.pl?verb=ListRecords&metadataPrefix=oai_dc[0m
[0;34mHTTP/1.1,200,6.15:::secs:,978345:::bytes,==>,/OAI-XMLFile-2.21/XMLFile/w5/oai.pl?verb=ListRecords&metadataPrefix=oai_dc[0m
[0;34mHTTP/1.1,200,6.25:::secs:,978345:::bytes,==>,/OAI-XMLFile-2.21/XMLFile/w5/oai.pl?verb=ListRecords&metadataPrefix=oai_dc[0m
[0;34mHTTP/1.1,200,0.38:::secs:,6733:::bytes,==>,/OAI-XMLFile-2.21/XMLFile/w5/oai.pl?verb=ListIdentifiers&metadataPrefix=oai_dc[0m
[0;34mHTTP/1.1,200,0.39:::secs:,6733:::bytes,==>,/OAI-XMLFile-2.21/XMLFile/w5/oai.pl?verb=ListIdentifiers&metadataPrefix=oai_dc[0m
[0;34mHTTP/1.1,200,0.38:::secs:,6733:::bytes,==>,/OAI-XMLFile-2.21/XMLFile/w5/oai.pl?verb=ListIdentifiers&metadataPrefix=oai_dc[0m
[0;34mHTTP/1.1,200,0.38:::secs:,6731:::bytes,==>,/OAI-XMLFile-2.21/XMLFile/w5/oai.pl?verb=ListIdentifiers&metadataPrefix=oai_dc[0m
[0;34mHTTP/1.1,200,0.38:::secs:,6732:::bytes,==>,/OAI-XMLFile-2.21/XMLFile/w5/oai.pl?verb=ListIdentifiers&metadataPrefix=oai_dc[0m
[0;34mHTTP/1.1,200,0.02:::secs:,289:::bytes,==>,/OAI-XMLFile-2.21/XMLFile/w5/oai.pl?verb=ListSets[0m
[0;34mHTTP/1.1,200,0.01:::secs:,288:::bytes,==>,/OAI-XMLFile-2.21/XMLFile/w5/oai.pl?verb=ListSets[0m
[0;34mHTTP/1.1,200,0.02:::secs:,289:::bytes,==>,/OAI-XMLFile-2.21/XMLFile/w5/oai.pl?verb=ListSets[0m
[0;34mHTTP/1.1,200,0.02:::secs:,289:::bytes,==>,/OAI-XMLFile-2.21/XMLFile/w5/oai.pl?verb=ListSets[0m
[0;34mHTTP/1.1,200,0.01:::secs:,289:::bytes,==>,/OAI-XMLFile-2.21/XMLFile/w5/oai.pl?verb=ListSets[0m
[0;34mHTTP/1.1,200,0.03:::secs:,1863:::bytes,==>,/OAI-XMLFile-2.21/XMLFile/w5/oai.pl?verb=GetRecord&metadataPrefix=oai_dc&identifier=oai-union.ndltd.org-TW--090NCTU0435090.metadata[0m
[0;34mHTTP/1.1,200,0.03:::secs:,1864:::bytes,==>,/OAI-XMLFile-2.21/XMLFile/w5/oai.pl?verb=GetRecord&metadataPrefix=oai_dc&identifier=oai-union.ndltd.org-TW--090NCTU0435090.metadata[0m
[0;34mHTTP/1.1,200,0.03:::secs:,1864:::bytes,==>,/OAI-XMLFile-2.21/XMLFile/w5/oai.pl?verb=GetRecord&metadataPrefix=oai_dc&identifier=oai-union.ndltd.org-TW--090NCTU0435090.metadata[0m
[0;34mHTTP/1.1,200,0.03:::secs:,1863:::bytes,==>,/OAI-XMLFile-2.21/XMLFile/w5/oai.pl?verb=GetRecord&metadataPrefix=oai_dc&identifier=oai-union.ndltd.org-TW--090NCTU0435090.metadata[0m
[0;34mHTTP/1.1,200,0.03:::secs:,1863:::bytes,==>,/OAI-XMLFile-2.21/XMLFile/w5/oai.pl?verb=GetRecord&metadataPrefix=oai_dc&identifier=oai-union.ndltd.org-TW--090NCTU0435090.metadata[0m
[0;34mHTTP/1.1,200,0.01:::secs:,291:::bytes,==>,/OAI-XMLFile-2.21/XMLFile/w5/oai.pl?verb=ListRecords&metadataPrefix=oai_dc&identifier=oai-union.ndltd.org-TW--090NCTU0423012.metadata[0m
[0;34mHTTP/1.1,200,0.01:::secs:,291:::bytes,==>,/OAI-XMLFile-2.21/XMLFile/w5/oai.pl?verb=ListRecords&metadataPrefix=oai_dc&identifier=oai-union.ndltd.org-TW--090NCTU0423012.metadata[0m
[0;34mHTTP/1.1,200,0.01:::secs:,290:::bytes,==>,/OAI-XMLFile-2.21/XMLFile/w5/oai.pl?verb=ListRecords&metadataPrefix=oai_dc&identifier=oai-union.ndltd.org-TW--090NCTU0423012.metadata[0m
[0;34mHTTP/1.1,200,0.00:::secs:,291:::bytes,==>,/OAI-XMLFile-2.21/XMLFile/w5/oai.pl?verb=ListRecords&metadataPrefix=oai_dc&identifier=oai-union.ndltd.org-TW--090NCTU0423012.metadata[0m
[0;34mHTTP/1.1,200,0.01:::secs:,291:::bytes,==>,/OAI-XMLFile-2.21/XMLFile/w5/oai.pl?verb=ListRecords&metadataPrefix=oai_dc&identifier=oai-union.ndltd.org-TW--090NCTU0423012.metadata[0m
[0;34mHTTP/1.1,200,10.90:::secs:,968056:::bytes,==>,/OAI-XMLFile-2.21/XMLFile/w6/oai.pl?verb=ListRecords&metadataPrefix=oai_dc[0m
[0;34mHTTP/1.1,200,6.65:::secs:,968056:::bytes,==>,/OAI-XMLFile-2.21/XMLFile/w6/oai.pl?verb=ListRecords&metadataPrefix=oai_dc[0m
[0;34mHTTP/1.1,200,6.59:::secs:,968056:::bytes,==>,/OAI-XMLFile-2.21/XMLFile/w6/oai.pl?verb=ListRecords&metadataPrefix=oai_dc[0m
[0;34mHTTP/1.1,200,6.66:::secs:,968056:::bytes,==>,/OAI-XMLFile-2.21/XMLFile/w6/oai.pl?verb=ListRecords&metadataPrefix=oai_dc[0m
[0;34mHTTP/1.1,200,6.60:::secs:,968056:::bytes,==>,/OAI-XMLFile-2.21/XMLFile/w6/oai.pl?verb=ListRecords&metadataPrefix=oai_dc[0m
[0;34mHTTP/1.1,200,0.76:::secs:,6870:::bytes,==>,/OAI-XMLFile-2.21/XMLFile/w6/oai.pl?verb=ListIdentifiers&metadataPrefix=oai_dc[0m
[0;34mHTTP/1.1,200,0.75:::secs:,6870:::bytes,==>,/OAI-XMLFile-2.21/XMLFile/w6/oai.pl?verb=ListIdentifiers&metadataPrefix=oai_dc[0m
[0;34mHTTP/1.1,200,0.76:::secs:,6870:::bytes,==>,/OAI-XMLFile-2.21/XMLFile/w6/oai.pl?verb=ListIdentifiers&metadataPrefix=oai_dc[0m
[0;34mHTTP/1.1,200,0.75:::secs:,6870:::bytes,==>,/OAI-XMLFile-2.21/XMLFile/w6/oai.pl?verb=ListIdentifiers&metadataPrefix=oai_dc[0m
[0;34mHTTP/1.1,200,0.74:::secs:,6870:::bytes,==>,/OAI-XMLFile-2.21/XMLFile/w6/oai.pl?verb=ListIdentifiers&metadataPrefix=oai_dc[0m
[0;34mHTTP/1.1,200,0.02:::secs:,290:::bytes,==>,/OAI-XMLFile-2.21/XMLFile/w6/oai.pl?verb=ListSets[0m
[0;34mHTTP/1.1,200,0.03:::secs:,290:::bytes,==>,/OAI-XMLFile-2.21/XMLFile/w6/oai.pl?verb=ListSets[0m
[0;34mHTTP/1.1,200,0.02:::secs:,290:::bytes,==>,/OAI-XMLFile-2.21/XMLFile/w6/oai.pl?verb=ListSets[0m
[0;34mHTTP/1.1,200,0.03:::secs:,290:::bytes,==>,/OAI-XMLFile-2.21/XMLFile/w6/oai.pl?verb=ListSets[0m
[0;34mHTTP/1.1,200,0.02:::secs:,290:::bytes,==>,/OAI-XMLFile-2.21/XMLFile/w6/oai.pl?verb=ListSets[0m
[0;34mHTTP/1.1,200,0.05:::secs:,1863:::bytes,==>,/OAI-XMLFile-2.21/XMLFile/w6/oai.pl?verb=GetRecord&metadataPrefix=oai_dc&identifier=oai-union.ndltd.org-TW--090NCTU0435090.metadata[0m
[0;34mHTTP/1.1,200,0.05:::secs:,1864:::bytes,==>,/OAI-XMLFile-2.21/XMLFile/w6/oai.pl?verb=GetRecord&metadataPrefix=oai_dc&identifier=oai-union.ndltd.org-TW--090NCTU0435090.metadata[0m
[0;34mHTTP/1.1,200,0.05:::secs:,1862:::bytes,==>,/OAI-XMLFile-2.21/XMLFile/w6/oai.pl?verb=GetRecord&metadataPrefix=oai_dc&identifier=oai-union.ndltd.org-TW--090NCTU0435090.metadata[0m
[0;34mHTTP/1.1,200,0.05:::secs:,1864:::bytes,==>,/OAI-XMLFile-2.21/XMLFile/w6/oai.pl?verb=GetRecord&metadataPrefix=oai_dc&identifier=oai-union.ndltd.org-TW--090NCTU0435090.metadata[0m
[0;34mHTTP/1.1,200,0.05:::secs:,1864:::bytes,==>,/OAI-XMLFile-2.21/XMLFile/w6/oai.pl?verb=GetRecord&metadataPrefix=oai_dc&identifier=oai-union.ndltd.org-TW--090NCTU0435090.metadata[0m
[0;34mHTTP/1.1,200,0.01:::secs:,292:::bytes,==>,/OAI-XMLFile-2.21/XMLFile/w6/oai.pl?verb=ListRecords&metadataPrefix=oai_dc&identifier=oai-union.ndltd.org-TW--100ISU00731008.metadata[0m
[0;34mHTTP/1.1,200,0.00:::secs:,292:::bytes,==>,/OAI-XMLFile-2.21/XMLFile/w6/oai.pl?verb=ListRecords&metadataPrefix=oai_dc&identifier=oai-union.ndltd.org-TW--100ISU00731008.metadata[0m
[0;34mHTTP/1.1,200,0.01:::secs:,292:::bytes,==>,/OAI-XMLFile-2.21/XMLFile/w6/oai.pl?verb=ListRecords&metadataPrefix=oai_dc&identifier=oai-union.ndltd.org-TW--100ISU00731008.metadata[0m
[0;34mHTTP/1.1,200,0.01:::secs:,291:::bytes,==>,/OAI-XMLFile-2.21/XMLFile/w6/oai.pl?verb=ListRecords&metadataPrefix=oai_dc&identifier=oai-union.ndltd.org-TW--100ISU00731008.metadata[0m
[0;34mHTTP/1.1,200,0.00:::secs:,292:::bytes,==>,/OAI-XMLFile-2.21/XMLFile/w6/oai.pl?verb=ListRecords&metadataPrefix=oai_dc&identifier=oai-union.ndltd.org-TW--100ISU00731008.metadata[0m
[0;34mHTTP/1.1,200,9.44:::secs:,114192:::bytes,==>,/OAI-XMLFile-2.21/XMLFile/w7/oai.pl?verb=ListRecords&metadataPrefix=oai_dc[0m
[0;34mHTTP/1.1,200,7.03:::secs:,114192:::bytes,==>,/OAI-XMLFile-2.21/XMLFile/w7/oai.pl?verb=ListRecords&metadataPrefix=oai_dc[0m
[0;34mHTTP/1.1,200,7.00:::secs:,114192:::bytes,==>,/OAI-XMLFile-2.21/XMLFile/w7/oai.pl?verb=ListRecords&metadataPrefix=oai_dc[0m
[0;34mHTTP/1.1,200,6.93:::secs:,114192:::bytes,==>,/OAI-XMLFile-2.21/XMLFile/w7/oai.pl?verb=ListRecords&metadataPrefix=oai_dc[0m
[0;34mHTTP/1.1,200,7.01:::secs:,114192:::bytes,==>,/OAI-XMLFile-2.21/XMLFile/w7/oai.pl?verb=ListRecords&metadataPrefix=oai_dc[0m
[0;34mHTTP/1.1,200,1.52:::secs:,5201:::bytes,==>,/OAI-XMLFile-2.21/XMLFile/w7/oai.pl?verb=ListIdentifiers&metadataPrefix=oai_dc[0m
[0;34mHTTP/1.1,200,1.52:::secs:,5201:::bytes,==>,/OAI-XMLFile-2.21/XMLFile/w7/oai.pl?verb=ListIdentifiers&metadataPrefix=oai_dc[0m
[0;34mHTTP/1.1,200,1.52:::secs:,5201:::bytes,==>,/OAI-XMLFile-2.21/XMLFile/w7/oai.pl?verb=ListIdentifiers&metadataPrefix=oai_dc[0m
[0;34mHTTP/1.1,200,1.53:::secs:,5201:::bytes,==>,/OAI-XMLFile-2.21/XMLFile/w7/oai.pl?verb=ListIdentifiers&metadataPrefix=oai_dc[0m
[0;34mHTTP/1.1,200,1.53:::secs:,5201:::bytes,==>,/OAI-XMLFile-2.21/XMLFile/w7/oai.pl?verb=ListIdentifiers&metadataPrefix=oai_dc[0m
[0;34mHTTP/1.1,200,0.04:::secs:,316:::bytes,==>,/OAI-XMLFile-2.21/XMLFile/w7/oai.pl?verb=ListSets[0m
[0;34mHTTP/1.1,200,0.04:::secs:,317:::bytes,==>,/OAI-XMLFile-2.21/XMLFile/w7/oai.pl?verb=ListSets[0m
[0;34mHTTP/1.1,200,0.04:::secs:,317:::bytes,==>,/OAI-XMLFile-2.21/XMLFile/w7/oai.pl?verb=ListSets[0m
[0;34mHTTP/1.1,200,0.03:::secs:,317:::bytes,==>,/OAI-XMLFile-2.21/XMLFile/w7/oai.pl?verb=ListSets[0m
[0;34mHTTP/1.1,200,0.04:::secs:,317:::bytes,==>,/OAI-XMLFile-2.21/XMLFile/w7/oai.pl?verb=ListSets[0m
[0;34mHTTP/1.1,200,0.08:::secs:,474:::bytes,==>,/OAI-XMLFile-2.21/XMLFile/w7/oai.pl?verb=GetRecord&metadataPrefix=oai_dc&identifier=oai-union.ndltd.org-UMASS--oai-scholarworks.umass.edu-dissertations-4743.metadata[0m
[0;34mHTTP/1.1,200,0.09:::secs:,473:::bytes,==>,/OAI-XMLFile-2.21/XMLFile/w7/oai.pl?verb=GetRecord&metadataPrefix=oai_dc&identifier=oai-union.ndltd.org-UMASS--oai-scholarworks.umass.edu-dissertations-4743.metadata[0m
[0;34mHTTP/1.1,200,0.08:::secs:,473:::bytes,==>,/OAI-XMLFile-2.21/XMLFile/w7/oai.pl?verb=GetRecord&metadataPrefix=oai_dc&identifier=oai-union.ndltd.org-UMASS--oai-scholarworks.umass.edu-dissertations-4743.metadata[0m
[0;34mHTTP/1.1,200,0.09:::secs:,473:::bytes,==>,/OAI-XMLFile-2.21/XMLFile/w7/oai.pl?verb=GetRecord&metadataPrefix=oai_dc&identifier=oai-union.ndltd.org-UMASS--oai-scholarworks.umass.edu-dissertations-4743.metadata[0m
[0;34mHTTP/1.1,200,0.08:::secs:,473:::bytes,==>,/OAI-XMLFile-2.21/XMLFile/w7/oai.pl?verb=GetRecord&metadataPrefix=oai_dc&identifier=oai-union.ndltd.org-UMASS--oai-scholarworks.umass.edu-dissertations-4743.metadata[0m
[0;34mHTTP/1.1,200,0.01:::secs:,292:::bytes,==>,/OAI-XMLFile-2.21/XMLFile/w7/oai.pl?verb=ListRecords&metadataPrefix=oai_dc&identifier=oai-union.ndltd.org-TW--100ISU00731008.metadata[0m
[0;34mHTTP/1.1,200,0.01:::secs:,291:::bytes,==>,/OAI-XMLFile-2.21/XMLFile/w7/oai.pl?verb=ListRecords&metadataPrefix=oai_dc&identifier=oai-union.ndltd.org-TW--100ISU00731008.metadata[0m
[0;34mHTTP/1.1,200,0.00:::secs:,291:::bytes,==>,/OAI-XMLFile-2.21/XMLFile/w7/oai.pl?verb=ListRecords&metadataPrefix=oai_dc&identifier=oai-union.ndltd.org-TW--100ISU00731008.metadata[0m
[0;34mHTTP/1.1,200,0.01:::secs:,292:::bytes,==>,/OAI-XMLFile-2.21/XMLFile/w7/oai.pl?verb=ListRecords&metadataPrefix=oai_dc&identifier=oai-union.ndltd.org-TW--100ISU00731008.metadata[0m
[0;34mHTTP/1.1,200,0.01:::secs:,292:::bytes,==>,/OAI-XMLFile-2.21/XMLFile/w7/oai.pl?verb=ListRecords&metadataPrefix=oai_dc&identifier=oai-union.ndltd.org-TW--100ISU00731008.metadata[0m
[0;34mHTTP/1.1,200,12.52:::secs:,129918:::bytes,==>,/OAI-XMLFile-2.21/XMLFile/w8/oai.pl?verb=ListRecords&metadataPrefix=oai_dc[0m
[0;34mHTTP/1.1,200,8.59:::secs:,129918:::bytes,==>,/OAI-XMLFile-2.21/XMLFile/w8/oai.pl?verb=ListRecords&metadataPrefix=oai_dc[0m
[0;34mHTTP/1.1,200,8.56:::secs:,129918:::bytes,==>,/OAI-XMLFile-2.21/XMLFile/w8/oai.pl?verb=ListRecords&metadataPrefix=oai_dc[0m
[0;34mHTTP/1.1,200,8.70:::secs:,129918:::bytes,==>,/OAI-XMLFile-2.21/XMLFile/w8/oai.pl?verb=ListRecords&metadataPrefix=oai_dc[0m
[0;34mHTTP/1.1,200,8.58:::secs:,129918:::bytes,==>,/OAI-XMLFile-2.21/XMLFile/w8/oai.pl?verb=ListRecords&metadataPrefix=oai_dc[0m
[0;34mHTTP/1.1,200,3.07:::secs:,5600:::bytes,==>,/OAI-XMLFile-2.21/XMLFile/w8/oai.pl?verb=ListIdentifiers&metadataPrefix=oai_dc[0m
[0;34mHTTP/1.1,200,3.08:::secs:,5600:::bytes,==>,/OAI-XMLFile-2.21/XMLFile/w8/oai.pl?verb=ListIdentifiers&metadataPrefix=oai_dc[0m
[0;34mHTTP/1.1,200,3.09:::secs:,5600:::bytes,==>,/OAI-XMLFile-2.21/XMLFile/w8/oai.pl?verb=ListIdentifiers&metadataPrefix=oai_dc[0m
[0;34mHTTP/1.1,200,3.07:::secs:,5600:::bytes,==>,/OAI-XMLFile-2.21/XMLFile/w8/oai.pl?verb=ListIdentifiers&metadataPrefix=oai_dc[0m
[0;34mHTTP/1.1,200,3.09:::secs:,5600:::bytes,==>,/OAI-XMLFile-2.21/XMLFile/w8/oai.pl?verb=ListIdentifiers&metadataPrefix=oai_dc[0m
[0;34mHTTP/1.1,200,0.06:::secs:,330:::bytes,==>,/OAI-XMLFile-2.21/XMLFile/w8/oai.pl?verb=ListSets[0m
[0;34mHTTP/1.1,200,0.07:::secs:,330:::bytes,==>,/OAI-XMLFile-2.21/XMLFile/w8/oai.pl?verb=ListSets[0m
[0;34mHTTP/1.1,200,0.06:::secs:,330:::bytes,==>,/OAI-XMLFile-2.21/XMLFile/w8/oai.pl?verb=ListSets[0m
[0;34mHTTP/1.1,200,0.07:::secs:,330:::bytes,==>,/OAI-XMLFile-2.21/XMLFile/w8/oai.pl?verb=ListSets[0m
[0;34mHTTP/1.1,200,0.06:::secs:,330:::bytes,==>,/OAI-XMLFile-2.21/XMLFile/w8/oai.pl?verb=ListSets[0m
[0;34mHTTP/1.1,200,0.15:::secs:,467:::bytes,==>,/OAI-XMLFile-2.21/XMLFile/w8/oai.pl?verb=GetRecord&metadataPrefix=oai_dc&identifier=oai-union.ndltd.org-UMASS--oai-scholarworks.umass.edu-theses-1790.metadata[0m
[0;34mHTTP/1.1,200,0.15:::secs:,470:::bytes,==>,/OAI-XMLFile-2.21/XMLFile/w8/oai.pl?verb=GetRecord&metadataPrefix=oai_dc&identifier=oai-union.ndltd.org-UMASS--oai-scholarworks.umass.edu-theses-1790.metadata[0m
[0;34mHTTP/1.1,200,0.16:::secs:,470:::bytes,==>,/OAI-XMLFile-2.21/XMLFile/w8/oai.pl?verb=GetRecord&metadataPrefix=oai_dc&identifier=oai-union.ndltd.org-UMASS--oai-scholarworks.umass.edu-theses-1790.metadata[0m
[0;34mHTTP/1.1,200,0.15:::secs:,470:::bytes,==>,/OAI-XMLFile-2.21/XMLFile/w8/oai.pl?verb=GetRecord&metadataPrefix=oai_dc&identifier=oai-union.ndltd.org-UMASS--oai-scholarworks.umass.edu-theses-1790.metadata[0m
[0;34mHTTP/1.1,200,0.15:::secs:,470:::bytes,==>,/OAI-XMLFile-2.21/XMLFile/w8/oai.pl?verb=GetRecord&metadataPrefix=oai_dc&identifier=oai-union.ndltd.org-UMASS--oai-scholarworks.umass.edu-theses-1790.metadata[0m
[0;34mHTTP/1.1,200,0.01:::secs:,291:::bytes,==>,/OAI-XMLFile-2.21/XMLFile/w8/oai.pl?verb=ListRecords&metadataPrefix=oai_dc&identifier=oai-union.ndltd.org-TW--100ISU00731008.metadata[0m
[0;34mHTTP/1.1,200,0.01:::secs:,292:::bytes,==>,/OAI-XMLFile-2.21/XMLFile/w8/oai.pl?verb=ListRecords&metadataPrefix=oai_dc&identifier=oai-union.ndltd.org-TW--100ISU00731008.metadata[0m
[0;34mHTTP/1.1,200,0.00:::secs:,291:::bytes,==>,/OAI-XMLFile-2.21/XMLFile/w8/oai.pl?verb=ListRecords&metadataPrefix=oai_dc&identifier=oai-union.ndltd.org-TW--100ISU00731008.metadata[0m
[0;34mHTTP/1.1,200,0.01:::secs:,290:::bytes,==>,/OAI-XMLFile-2.21/XMLFile/w8/oai.pl?verb=ListRecords&metadataPrefix=oai_dc&identifier=oai-union.ndltd.org-TW--100ISU00731008.metadata[0m
[0;34mHTTP/1.1,200,0.01:::secs:,292:::bytes,==>,/OAI-XMLFile-2.21/XMLFile/w8/oai.pl?verb=ListRecords&metadataPrefix=oai_dc&identifier=oai-union.ndltd.org-TW--100ISU00731008.metadata[0m
[0;34mHTTP/1.1,200,16.42:::secs:,245693:::bytes,==>,/OAI-XMLFile-2.21/XMLFile/w9/oai.pl?verb=ListRecords&metadataPrefix=oai_dc[0m
[0;34mHTTP/1.1,200,11.76:::secs:,245693:::bytes,==>,/OAI-XMLFile-2.21/XMLFile/w9/oai.pl?verb=ListRecords&metadataPrefix=oai_dc[0m
[0;34mHTTP/1.1,200,12.02:::secs:,245693:::bytes,==>,/OAI-XMLFile-2.21/XMLFile/w9/oai.pl?verb=ListRecords&metadataPrefix=oai_dc[0m
[0;34mHTTP/1.1,200,11.94:::secs:,245693:::bytes,==>,/OAI-XMLFile-2.21/XMLFile/w9/oai.pl?verb=ListRecords&metadataPrefix=oai_dc[0m
[0;34mHTTP/1.1,200,12.07:::secs:,245693:::bytes,==>,/OAI-XMLFile-2.21/XMLFile/w9/oai.pl?verb=ListRecords&metadataPrefix=oai_dc[0m
[0;34mHTTP/1.1,200,6.34:::secs:,6718:::bytes,==>,/OAI-XMLFile-2.21/XMLFile/w9/oai.pl?verb=ListIdentifiers&metadataPrefix=oai_dc[0m
[0;34mHTTP/1.1,200,6.34:::secs:,6718:::bytes,==>,/OAI-XMLFile-2.21/XMLFile/w9/oai.pl?verb=ListIdentifiers&metadataPrefix=oai_dc[0m
[0;34mHTTP/1.1,200,6.31:::secs:,6717:::bytes,==>,/OAI-XMLFile-2.21/XMLFile/w9/oai.pl?verb=ListIdentifiers&metadataPrefix=oai_dc[0m
[0;34mHTTP/1.1,200,6.42:::secs:,6718:::bytes,==>,/OAI-XMLFile-2.21/XMLFile/w9/oai.pl?verb=ListIdentifiers&metadataPrefix=oai_dc[0m
[0;34mHTTP/1.1,200,6.35:::secs:,6721:::bytes,==>,/OAI-XMLFile-2.21/XMLFile/w9/oai.pl?verb=ListIdentifiers&metadataPrefix=oai_dc[0m
[0;34mHTTP/1.1,200,0.12:::secs:,373:::bytes,==>,/OAI-XMLFile-2.21/XMLFile/w9/oai.pl?verb=ListSets[0m
[0;34mHTTP/1.1,200,0.12:::secs:,373:::bytes,==>,/OAI-XMLFile-2.21/XMLFile/w9/oai.pl?verb=ListSets[0m
[0;34mHTTP/1.1,200,0.12:::secs:,373:::bytes,==>,/OAI-XMLFile-2.21/XMLFile/w9/oai.pl?verb=ListSets[0m
[0;34mHTTP/1.1,200,0.12:::secs:,373:::bytes,==>,/OAI-XMLFile-2.21/XMLFile/w9/oai.pl?verb=ListSets[0m
[0;34mHTTP/1.1,200,0.13:::secs:,373:::bytes,==>,/OAI-XMLFile-2.21/XMLFile/w9/oai.pl?verb=ListSets[0m
[0;34mHTTP/1.1,200,0.30:::secs:,1572:::bytes,==>,/OAI-XMLFile-2.21/XMLFile/w9/oai.pl?verb=GetRecord&metadataPrefix=oai_dc&identifier=oai-union.ndltd.org-MONTANA--oai-etd.lib.umt.edu-etd-05272008-134949.metadata[0m
[0;34mHTTP/1.1,200,0.30:::secs:,1570:::bytes,==>,/OAI-XMLFile-2.21/XMLFile/w9/oai.pl?verb=GetRecord&metadataPrefix=oai_dc&identifier=oai-union.ndltd.org-MONTANA--oai-etd.lib.umt.edu-etd-05272008-134949.metadata[0m
[0;34mHTTP/1.1,200,0.30:::secs:,1572:::bytes,==>,/OAI-XMLFile-2.21/XMLFile/w9/oai.pl?verb=GetRecord&metadataPrefix=oai_dc&identifier=oai-union.ndltd.org-MONTANA--oai-etd.lib.umt.edu-etd-05272008-134949.metadata[0m
[0;34mHTTP/1.1,200,0.29:::secs:,1572:::bytes,==>,/OAI-XMLFile-2.21/XMLFile/w9/oai.pl?verb=GetRecord&metadataPrefix=oai_dc&identifier=oai-union.ndltd.org-MONTANA--oai-etd.lib.umt.edu-etd-05272008-134949.metadata[0m
[0;34mHTTP/1.1,200,0.30:::secs:,1572:::bytes,==>,/OAI-XMLFile-2.21/XMLFile/w9/oai.pl?verb=GetRecord&metadataPrefix=oai_dc&identifier=oai-union.ndltd.org-MONTANA--oai-etd.lib.umt.edu-etd-05272008-134949.metadata[0m
[0;34mHTTP/1.1,200,0.01:::secs:,290:::bytes,==>,/OAI-XMLFile-2.21/XMLFile/w9/oai.pl?verb=ListRecords&metadataPrefix=oai_dc&identifier=oai-union.ndltd.org-TW--100ISU00731008.metadata[0m
[0;34mHTTP/1.1,200,0.01:::secs:,291:::bytes,==>,/OAI-XMLFile-2.21/XMLFile/w9/oai.pl?verb=ListRecords&metadataPrefix=oai_dc&identifier=oai-union.ndltd.org-TW--100ISU00731008.metadata[0m
[0;34mHTTP/1.1,200,0.00:::secs:,291:::bytes,==>,/OAI-XMLFile-2.21/XMLFile/w9/oai.pl?verb=ListRecords&metadataPrefix=oai_dc&identifier=oai-union.ndltd.org-TW--100ISU00731008.metadata[0m
[0;34mHTTP/1.1,200,0.01:::secs:,291:::bytes,==>,/OAI-XMLFile-2.21/XMLFile/w9/oai.pl?verb=ListRecords&metadataPrefix=oai_dc&identifier=oai-union.ndltd.org-TW--100ISU00731008.metadata[0m
[0;34mHTTP/1.1,200,0.01:::secs:,291:::bytes,==>,/OAI-XMLFile-2.21/XMLFile/w9/oai.pl?verb=ListRecords&metadataPrefix=oai_dc&identifier=oai-union.ndltd.org-TW--100ISU00731008.metadata[0m
[0;34mHTTP/1.1,200,20.72:::secs:,242956:::bytes,==>,/OAI-XMLFile-2.21/XMLFile/w10/oai.pl?verb=ListRecords&metadataPrefix=oai_dc[0m
[0;34mHTTP/1.1,200,18.99:::secs:,242956:::bytes,==>,/OAI-XMLFile-2.21/XMLFile/w10/oai.pl?verb=ListRecords&metadataPrefix=oai_dc[0m
[0;34mHTTP/1.1,200,19.02:::secs:,242956:::bytes,==>,/OAI-XMLFile-2.21/XMLFile/w10/oai.pl?verb=ListRecords&metadataPrefix=oai_dc[0m
[0;34mHTTP/1.1,200,19.27:::secs:,242957:::bytes,==>,/OAI-XMLFile-2.21/XMLFile/w10/oai.pl?verb=ListRecords&metadataPrefix=oai_dc[0m
[0;34mHTTP/1.1,200,19.27:::secs:,242955:::bytes,==>,/OAI-XMLFile-2.21/XMLFile/w10/oai.pl?verb=ListRecords&metadataPrefix=oai_dc[0m
[0;34mHTTP/1.1,200,13.37:::secs:,4773:::bytes,==>,/OAI-XMLFile-2.21/XMLFile/w10/oai.pl?verb=ListIdentifiers&metadataPrefix=oai_dc[0m
[0;34mHTTP/1.1,200,13.57:::secs:,4773:::bytes,==>,/OAI-XMLFile-2.21/XMLFile/w10/oai.pl?verb=ListIdentifiers&metadataPrefix=oai_dc[0m
[0;34mHTTP/1.1,200,13.50:::secs:,4773:::bytes,==>,/OAI-XMLFile-2.21/XMLFile/w10/oai.pl?verb=ListIdentifiers&metadataPrefix=oai_dc[0m
[0;34mHTTP/1.1,200,13.73:::secs:,4773:::bytes,==>,/OAI-XMLFile-2.21/XMLFile/w10/oai.pl?verb=ListIdentifiers&metadataPrefix=oai_dc[0m
[0;34mHTTP/1.1,200,13.52:::secs:,4773:::bytes,==>,/OAI-XMLFile-2.21/XMLFile/w10/oai.pl?verb=ListIdentifiers&metadataPrefix=oai_dc[0m
[0;34mHTTP/1.1,200,0.24:::secs:,555:::bytes,==>,/OAI-XMLFile-2.21/XMLFile/w10/oai.pl?verb=ListSets[0m
[0;34mHTTP/1.1,200,0.24:::secs:,555:::bytes,==>,/OAI-XMLFile-2.21/XMLFile/w10/oai.pl?verb=ListSets[0m
[0;34mHTTP/1.1,200,0.23:::secs:,555:::bytes,==>,/OAI-XMLFile-2.21/XMLFile/w10/oai.pl?verb=ListSets[0m
[0;34mHTTP/1.1,200,0.24:::secs:,556:::bytes,==>,/OAI-XMLFile-2.21/XMLFile/w10/oai.pl?verb=ListSets[0m
[0;34mHTTP/1.1,200,0.24:::secs:,556:::bytes,==>,/OAI-XMLFile-2.21/XMLFile/w10/oai.pl?verb=ListSets[0m
[0;34mHTTP/1.1,200,0.58:::secs:,594:::bytes,==>,/OAI-XMLFile-2.21/XMLFile/w10/oai.pl?verb=GetRecord&metadataPrefix=oai_dc&identifier=oai-union.ndltd.org-UHAWAII--oai-scholarspace.manoa.hawaii.edu-10125--10382.metadata[0m
[0;34mHTTP/1.1,200,0.59:::secs:,595:::bytes,==>,/OAI-XMLFile-2.21/XMLFile/w10/oai.pl?verb=GetRecord&metadataPrefix=oai_dc&identifier=oai-union.ndltd.org-UHAWAII--oai-scholarspace.manoa.hawaii.edu-10125--10382.metadata[0m
[0;34mHTTP/1.1,200,0.58:::secs:,593:::bytes,==>,/OAI-XMLFile-2.21/XMLFile/w10/oai.pl?verb=GetRecord&metadataPrefix=oai_dc&identifier=oai-union.ndltd.org-UHAWAII--oai-scholarspace.manoa.hawaii.edu-10125--10382.metadata[0m
[0;34mHTTP/1.1,200,0.59:::secs:,594:::bytes,==>,/OAI-XMLFile-2.21/XMLFile/w10/oai.pl?verb=GetRecord&metadataPrefix=oai_dc&identifier=oai-union.ndltd.org-UHAWAII--oai-scholarspace.manoa.hawaii.edu-10125--10382.metadata[0m
[0;34mHTTP/1.1,200,0.58:::secs:,594:::bytes,==>,/OAI-XMLFile-2.21/XMLFile/w10/oai.pl?verb=GetRecord&metadataPrefix=oai_dc&identifier=oai-union.ndltd.org-UHAWAII--oai-scholarspace.manoa.hawaii.edu-10125--10382.metadata[0m
[0;34mHTTP/1.1,200,0.01:::secs:,291:::bytes,==>,/OAI-XMLFile-2.21/XMLFile/w10/oai.pl?verb=ListRecords&metadataPrefix=oai_dc&identifier=oai-union.ndltd.org-CHENGCHI--B2002008312.metadata[0m
[0;34mHTTP/1.1,200,0.01:::secs:,291:::bytes,==>,/OAI-XMLFile-2.21/XMLFile/w10/oai.pl?verb=ListRecords&metadataPrefix=oai_dc&identifier=oai-union.ndltd.org-CHENGCHI--B2002008312.metadata[0m
[0;34mHTTP/1.1,200,0.00:::secs:,291:::bytes,==>,/OAI-XMLFile-2.21/XMLFile/w10/oai.pl?verb=ListRecords&metadataPrefix=oai_dc&identifier=oai-union.ndltd.org-CHENGCHI--B2002008312.metadata[0m
[0;34mHTTP/1.1,200,0.01:::secs:,291:::bytes,==>,/OAI-XMLFile-2.21/XMLFile/w10/oai.pl?verb=ListRecords&metadataPrefix=oai_dc&identifier=oai-union.ndltd.org-CHENGCHI--B2002008312.metadata[0m
[0;34mHTTP/1.1,200,0.01:::secs:,291:::bytes,==>,/OAI-XMLFile-2.21/XMLFile/w10/oai.pl?verb=ListRecords&metadataPrefix=oai_dc&identifier=oai-union.ndltd.org-CHENGCHI--B2002008312.metadata[0m
[0;34mHTTP/1.1,200,37.57:::secs:,243492:::bytes,==>,/OAI-XMLFile-2.21/XMLFile/w11/oai.pl?verb=ListRecords&metadataPrefix=oai_dc[0m
[0;34mHTTP/1.1,200,33.70:::secs:,243492:::bytes,==>,/OAI-XMLFile-2.21/XMLFile/w11/oai.pl?verb=ListRecords&metadataPrefix=oai_dc[0m
[0;34mHTTP/1.1,200,34.42:::secs:,243493:::bytes,==>,/OAI-XMLFile-2.21/XMLFile/w11/oai.pl?verb=ListRecords&metadataPrefix=oai_dc[0m
[0;34mHTTP/1.1,200,34.53:::secs:,243492:::bytes,==>,/OAI-XMLFile-2.21/XMLFile/w11/oai.pl?verb=ListRecords&metadataPrefix=oai_dc[0m
[0;34mHTTP/1.1,200,35.39:::secs:,243493:::bytes,==>,/OAI-XMLFile-2.21/XMLFile/w11/oai.pl?verb=ListRecords&metadataPrefix=oai_dc[0m
[0;34mHTTP/1.1,200,28.87:::secs:,5070:::bytes,==>,/OAI-XMLFile-2.21/XMLFile/w11/oai.pl?verb=ListIdentifiers&metadataPrefix=oai_dc[0m
[0;34mHTTP/1.1,200,29.42:::secs:,5070:::bytes,==>,/OAI-XMLFile-2.21/XMLFile/w11/oai.pl?verb=ListIdentifiers&metadataPrefix=oai_dc[0m
[0;34mHTTP/1.1,200,28.68:::secs:,5070:::bytes,==>,/OAI-XMLFile-2.21/XMLFile/w11/oai.pl?verb=ListIdentifiers&metadataPrefix=oai_dc[0m
[0;34mHTTP/1.1,200,29.22:::secs:,5070:::bytes,==>,/OAI-XMLFile-2.21/XMLFile/w11/oai.pl?verb=ListIdentifiers&metadataPrefix=oai_dc[0m
[0;34mHTTP/1.1,200,29.53:::secs:,5070:::bytes,==>,/OAI-XMLFile-2.21/XMLFile/w11/oai.pl?verb=ListIdentifiers&metadataPrefix=oai_dc[0m
[0;34mHTTP/1.1,200,0.48:::secs:,687:::bytes,==>,/OAI-XMLFile-2.21/XMLFile/w11/oai.pl?verb=ListSets[0m
[0;34mHTTP/1.1,200,0.46:::secs:,688:::bytes,==>,/OAI-XMLFile-2.21/XMLFile/w11/oai.pl?verb=ListSets[0m
[0;34mHTTP/1.1,200,0.47:::secs:,688:::bytes,==>,/OAI-XMLFile-2.21/XMLFile/w11/oai.pl?verb=ListSets[0m
[0;34mHTTP/1.1,200,0.47:::secs:,688:::bytes,==>,/OAI-XMLFile-2.21/XMLFile/w11/oai.pl?verb=ListSets[0m
[0;34mHTTP/1.1,200,0.48:::secs:,689:::bytes,==>,/OAI-XMLFile-2.21/XMLFile/w11/oai.pl?verb=ListSets[0m
[0;34mHTTP/1.1,200,1.18:::secs:,594:::bytes,==>,/OAI-XMLFile-2.21/XMLFile/w11/oai.pl?verb=GetRecord&metadataPrefix=oai_dc&identifier=oai-union.ndltd.org-UHAWAII--oai-scholarspace.manoa.hawaii.edu-10125--10382.metadata[0m
[0;34mHTTP/1.1,200,1.17:::secs:,595:::bytes,==>,/OAI-XMLFile-2.21/XMLFile/w11/oai.pl?verb=GetRecord&metadataPrefix=oai_dc&identifier=oai-union.ndltd.org-UHAWAII--oai-scholarspace.manoa.hawaii.edu-10125--10382.metadata[0m
[0;34mHTTP/1.1,200,1.17:::secs:,595:::bytes,==>,/OAI-XMLFile-2.21/XMLFile/w11/oai.pl?verb=GetRecord&metadataPrefix=oai_dc&identifier=oai-union.ndltd.org-UHAWAII--oai-scholarspace.manoa.hawaii.edu-10125--10382.metadata[0m
[0;34mHTTP/1.1,200,1.18:::secs:,595:::bytes,==>,/OAI-XMLFile-2.21/XMLFile/w11/oai.pl?verb=GetRecord&metadataPrefix=oai_dc&identifier=oai-union.ndltd.org-UHAWAII--oai-scholarspace.manoa.hawaii.edu-10125--10382.metadata[0m
[0;34mHTTP/1.1,200,1.16:::secs:,594:::bytes,==>,/OAI-XMLFile-2.21/XMLFile/w11/oai.pl?verb=GetRecord&metadataPrefix=oai_dc&identifier=oai-union.ndltd.org-UHAWAII--oai-scholarspace.manoa.hawaii.edu-10125--10382.metadata[0m
[0;34mHTTP/1.1,200,0.01:::secs:,291:::bytes,==>,/OAI-XMLFile-2.21/XMLFile/w11/oai.pl?verb=ListRecords&metadataPrefix=oai_dc&identifier=oai-union.ndltd.org-CHENGCHI--B2002008312.metadata[0m
[0;34mHTTP/1.1,200,0.01:::secs:,291:::bytes,==>,/OAI-XMLFile-2.21/XMLFile/w11/oai.pl?verb=ListRecords&metadataPrefix=oai_dc&identifier=oai-union.ndltd.org-CHENGCHI--B2002008312.metadata[0m
[0;34mHTTP/1.1,200,0.00:::secs:,292:::bytes,==>,/OAI-XMLFile-2.21/XMLFile/w11/oai.pl?verb=ListRecords&metadataPrefix=oai_dc&identifier=oai-union.ndltd.org-CHENGCHI--B2002008312.metadata[0m
[0;34mHTTP/1.1,200,0.01:::secs:,292:::bytes,==>,/OAI-XMLFile-2.21/XMLFile/w11/oai.pl?verb=ListRecords&metadataPrefix=oai_dc&identifier=oai-union.ndltd.org-CHENGCHI--B2002008312.metadata[0m
[0;34mHTTP/1.1,200,0.01:::secs:,291:::bytes,==>,/OAI-XMLFile-2.21/XMLFile/w11/oai.pl?verb=ListRecords&metadataPrefix=oai_dc&identifier=oai-union.ndltd.org-CHENGCHI--B2002008312.metadata[0m
[0;34mHTTP/1.1,200,75.29:::secs:,815599:::bytes,==>,/OAI-XMLFile-2.21/XMLFile/w12/oai.pl?verb=ListRecords&metadataPrefix=oai_dc[0m
[0;34mHTTP/1.1,200,65.19:::secs:,815601:::bytes,==>,/OAI-XMLFile-2.21/XMLFile/w12/oai.pl?verb=ListRecords&metadataPrefix=oai_dc[0m
[0;34mHTTP/1.1,200,69.29:::secs:,815601:::bytes,==>,/OAI-XMLFile-2.21/XMLFile/w12/oai.pl?verb=ListRecords&metadataPrefix=oai_dc[0m
[0;34mHTTP/1.1,200,69.43:::secs:,815602:::bytes,==>,/OAI-XMLFile-2.21/XMLFile/w12/oai.pl?verb=ListRecords&metadataPrefix=oai_dc[0m
[0;34mHTTP/1.1,200,69.83:::secs:,815602:::bytes,==>,/OAI-XMLFile-2.21/XMLFile/w12/oai.pl?verb=ListRecords&metadataPrefix=oai_dc[0m
[0;34mHTTP/1.1,200,61.80:::secs:,4767:::bytes,==>,/OAI-XMLFile-2.21/XMLFile/w12/oai.pl?verb=ListIdentifiers&metadataPrefix=oai_dc[0m
[0;34mHTTP/1.1,200,63.95:::secs:,4767:::bytes,==>,/OAI-XMLFile-2.21/XMLFile/w12/oai.pl?verb=ListIdentifiers&metadataPrefix=oai_dc[0m
[0;34mHTTP/1.1,200,64.20:::secs:,4767:::bytes,==>,/OAI-XMLFile-2.21/XMLFile/w12/oai.pl?verb=ListIdentifiers&metadataPrefix=oai_dc[0m
[0;34mHTTP/1.1,200,66.32:::secs:,4767:::bytes,==>,/OAI-XMLFile-2.21/XMLFile/w12/oai.pl?verb=ListIdentifiers&metadataPrefix=oai_dc[0m
[0;34mHTTP/1.1,200,67.69:::secs:,4768:::bytes,==>,/OAI-XMLFile-2.21/XMLFile/w12/oai.pl?verb=ListIdentifiers&metadataPrefix=oai_dc[0m
[0;34mHTTP/1.1,200,0.98:::secs:,863:::bytes,==>,/OAI-XMLFile-2.21/XMLFile/w12/oai.pl?verb=ListSets[0m
[0;34mHTTP/1.1,200,0.98:::secs:,864:::bytes,==>,/OAI-XMLFile-2.21/XMLFile/w12/oai.pl?verb=ListSets[0m
[0;34mHTTP/1.1,200,0.97:::secs:,863:::bytes,==>,/OAI-XMLFile-2.21/XMLFile/w12/oai.pl?verb=ListSets[0m
[0;34mHTTP/1.1,200,0.96:::secs:,863:::bytes,==>,/OAI-XMLFile-2.21/XMLFile/w12/oai.pl?verb=ListSets[0m
[0;34mHTTP/1.1,200,0.97:::secs:,864:::bytes,==>,/OAI-XMLFile-2.21/XMLFile/w12/oai.pl?verb=ListSets[0m
[0;34mHTTP/1.1,200,2.42:::secs:,5395:::bytes,==>,/OAI-XMLFile-2.21/XMLFile/w12/oai.pl?verb=GetRecord&metadataPrefix=oai_dc&identifier=oai-union.ndltd.org-TDX_URL--oai-www.tdx.cat-10803--9200.metadata[0m
[0;34mHTTP/1.1,200,2.39:::secs:,5396:::bytes,==>,/OAI-XMLFile-2.21/XMLFile/w12/oai.pl?verb=GetRecord&metadataPrefix=oai_dc&identifier=oai-union.ndltd.org-TDX_URL--oai-www.tdx.cat-10803--9200.metadata[0m
[0;34mHTTP/1.1,200,2.41:::secs:,5396:::bytes,==>,/OAI-XMLFile-2.21/XMLFile/w12/oai.pl?verb=GetRecord&metadataPrefix=oai_dc&identifier=oai-union.ndltd.org-TDX_URL--oai-www.tdx.cat-10803--9200.metadata[0m
[0;34mHTTP/1.1,200,2.39:::secs:,5395:::bytes,==>,/OAI-XMLFile-2.21/XMLFile/w12/oai.pl?verb=GetRecord&metadataPrefix=oai_dc&identifier=oai-union.ndltd.org-TDX_URL--oai-www.tdx.cat-10803--9200.metadata[0m
[0;34mHTTP/1.1,200,2.40:::secs:,5395:::bytes,==>,/OAI-XMLFile-2.21/XMLFile/w12/oai.pl?verb=GetRecord&metadataPrefix=oai_dc&identifier=oai-union.ndltd.org-TDX_URL--oai-www.tdx.cat-10803--9200.metadata[0m
[0;34mHTTP/1.1,200,0.01:::secs:,290:::bytes,==>,/OAI-XMLFile-2.21/XMLFile/w12/oai.pl?verb=ListRecords&metadataPrefix=oai_dc&identifier=oai-union.ndltd.org-CHENGCHI--B2002008312.metadata[0m
[0;34mHTTP/1.1,200,0.01:::secs:,291:::bytes,==>,/OAI-XMLFile-2.21/XMLFile/w12/oai.pl?verb=ListRecords&metadataPrefix=oai_dc&identifier=oai-union.ndltd.org-CHENGCHI--B2002008312.metadata[0m
[0;34mHTTP/1.1,200,0.01:::secs:,290:::bytes,==>,/OAI-XMLFile-2.21/XMLFile/w12/oai.pl?verb=ListRecords&metadataPrefix=oai_dc&identifier=oai-union.ndltd.org-CHENGCHI--B2002008312.metadata[0m
[0;34mHTTP/1.1,200,0.00:::secs:,290:::bytes,==>,/OAI-XMLFile-2.21/XMLFile/w12/oai.pl?verb=ListRecords&metadataPrefix=oai_dc&identifier=oai-union.ndltd.org-CHENGCHI--B2002008312.metadata[0m
[0;34mHTTP/1.1,200,0.01:::secs:,290:::bytes,==>,/OAI-XMLFile-2.21/XMLFile/w12/oai.pl?verb=ListRecords&metadataPrefix=oai_dc&identifier=oai-union.ndltd.org-CHENGCHI--B2002008312.metadata[0m
[0;34mHTTP/1.1,200,167.24:::secs:,815602:::bytes,==>,/OAI-XMLFile-2.21/XMLFile/w13/oai.pl?verb=ListRecords&metadataPrefix=oai_dc[0m
[0;34mHTTP/1.1,200,139.57:::secs:,815597:::bytes,==>,/OAI-XMLFile-2.21/XMLFile/w13/oai.pl?verb=ListRecords&metadataPrefix=oai_dc[0m
[0;34mHTTP/1.1,200,144.18:::secs:,815602:::bytes,==>,/OAI-XMLFile-2.21/XMLFile/w13/oai.pl?verb=ListRecords&metadataPrefix=oai_dc[0m
[0;34mHTTP/1.1,200,145.08:::secs:,815602:::bytes,==>,/OAI-XMLFile-2.21/XMLFile/w13/oai.pl?verb=ListRecords&metadataPrefix=oai_dc[0m
[0;34mHTTP/1.1,200,152.24:::secs:,815602:::bytes,==>,/OAI-XMLFile-2.21/XMLFile/w13/oai.pl?verb=ListRecords&metadataPrefix=oai_dc[0m
[0;34mHTTP/1.1,200,138.39:::secs:,4767:::bytes,==>,/OAI-XMLFile-2.21/XMLFile/w13/oai.pl?verb=ListIdentifiers&metadataPrefix=oai_dc[0m
[0;34mHTTP/1.1,200,142.85:::secs:,4767:::bytes,==>,/OAI-XMLFile-2.21/XMLFile/w13/oai.pl?verb=ListIdentifiers&metadataPrefix=oai_dc[0m
[0;34mHTTP/1.1,200,139.98:::secs:,4767:::bytes,==>,/OAI-XMLFile-2.21/XMLFile/w13/oai.pl?verb=ListIdentifiers&metadataPrefix=oai_dc[0m
[0;34mHTTP/1.1,200,146.35:::secs:,4767:::bytes,==>,/OAI-XMLFile-2.21/XMLFile/w13/oai.pl?verb=ListIdentifiers&metadataPrefix=oai_dc[0m
[0;34mHTTP/1.1,200,143.54:::secs:,4767:::bytes,==>,/OAI-XMLFile-2.21/XMLFile/w13/oai.pl?verb=ListIdentifiers&metadataPrefix=oai_dc[0m
[0;34mHTTP/1.1,200,1.99:::secs:,1280:::bytes,==>,/OAI-XMLFile-2.21/XMLFile/w13/oai.pl?verb=ListSets[0m
[0;34mHTTP/1.1,200,1.99:::secs:,1279:::bytes,==>,/OAI-XMLFile-2.21/XMLFile/w13/oai.pl?verb=ListSets[0m
[0;34mHTTP/1.1,200,2.00:::secs:,1281:::bytes,==>,/OAI-XMLFile-2.21/XMLFile/w13/oai.pl?verb=ListSets[0m
[0;34mHTTP/1.1,200,1.98:::secs:,1279:::bytes,==>,/OAI-XMLFile-2.21/XMLFile/w13/oai.pl?verb=ListSets[0m
[0;34mHTTP/1.1,200,2.00:::secs:,1280:::bytes,==>,/OAI-XMLFile-2.21/XMLFile/w13/oai.pl?verb=ListSets[0m
[0;34mHTTP/1.1,200,4.83:::secs:,5397:::bytes,==>,/OAI-XMLFile-2.21/XMLFile/w13/oai.pl?verb=GetRecord&metadataPrefix=oai_dc&identifier=oai-union.ndltd.org-TDX_URL--oai-www.tdx.cat-10803--9200.metadata[0m
[0;34mHTTP/1.1,200,4.86:::secs:,5397:::bytes,==>,/OAI-XMLFile-2.21/XMLFile/w13/oai.pl?verb=GetRecord&metadataPrefix=oai_dc&identifier=oai-union.ndltd.org-TDX_URL--oai-www.tdx.cat-10803--9200.metadata[0m
[0;34mHTTP/1.1,200,4.85:::secs:,5396:::bytes,==>,/OAI-XMLFile-2.21/XMLFile/w13/oai.pl?verb=GetRecord&metadataPrefix=oai_dc&identifier=oai-union.ndltd.org-TDX_URL--oai-www.tdx.cat-10803--9200.metadata[0m
[0;34mHTTP/1.1,200,4.85:::secs:,5397:::bytes,==>,/OAI-XMLFile-2.21/XMLFile/w13/oai.pl?verb=GetRecord&metadataPrefix=oai_dc&identifier=oai-union.ndltd.org-TDX_URL--oai-www.tdx.cat-10803--9200.metadata[0m
[0;34mHTTP/1.1,200,4.87:::secs:,5397:::bytes,==>,/OAI-XMLFile-2.21/XMLFile/w13/oai.pl?verb=GetRecord&metadataPrefix=oai_dc&identifier=oai-union.ndltd.org-TDX_URL--oai-www.tdx.cat-10803--9200.metadata[0m
[0;34mHTTP/1.1,200,0.00:::secs:,292:::bytes,==>,/OAI-XMLFile-2.21/XMLFile/w13/oai.pl?verb=ListRecords&metadataPrefix=oai_dc&identifier=oai-union.ndltd.org-CHENGCHI--B2002008312.metadata[0m
[0;34mHTTP/1.1,200,0.01:::secs:,292:::bytes,==>,/OAI-XMLFile-2.21/XMLFile/w13/oai.pl?verb=ListRecords&metadataPrefix=oai_dc&identifier=oai-union.ndltd.org-CHENGCHI--B2002008312.metadata[0m
[0;34mHTTP/1.1,200,0.01:::secs:,292:::bytes,==>,/OAI-XMLFile-2.21/XMLFile/w13/oai.pl?verb=ListRecords&metadataPrefix=oai_dc&identifier=oai-union.ndltd.org-CHENGCHI--B2002008312.metadata[0m
[0;34mHTTP/1.1,200,0.00:::secs:,292:::bytes,==>,/OAI-XMLFile-2.21/XMLFile/w13/oai.pl?verb=ListRecords&metadataPrefix=oai_dc&identifier=oai-union.ndltd.org-CHENGCHI--B2002008312.metadata[0m
[0;34mHTTP/1.1,200,0.00:::secs:,292:::bytes,==>,/OAI-XMLFile-2.21/XMLFile/w13/oai.pl?verb=ListRecords&metadataPrefix=oai_dc&identifier=oai-union.ndltd.org-CHENGCHI--B2002008312.metadata[0m
[0;34mHTTP/1.1,200,433.91:::secs:,795650:::bytes,==>,/OAI-XMLFile-2.21/XMLFile/w14/oai.pl?verb=ListRecords&metadataPrefix=oai_dc[0m
[0;34mHTTP/1.1,200,415.26:::secs:,795653:::bytes,==>,/OAI-XMLFile-2.21/XMLFile/w14/oai.pl?verb=ListRecords&metadataPrefix=oai_dc[0m
[0;34mHTTP/1.1,200,412.57:::secs:,795652:::bytes,==>,/OAI-XMLFile-2.21/XMLFile/w14/oai.pl?verb=ListRecords&metadataPrefix=oai_dc[0m
[0;34mHTTP/1.1,200,409.31:::secs:,795652:::bytes,==>,/OAI-XMLFile-2.21/XMLFile/w14/oai.pl?verb=ListRecords&metadataPrefix=oai_dc[0m
[0;34mHTTP/1.1,200,415.21:::secs:,795653:::bytes,==>,/OAI-XMLFile-2.21/XMLFile/w14/oai.pl?verb=ListRecords&metadataPrefix=oai_dc[0m
[0;34mHTTP/1.1,200,407.67:::secs:,6639:::bytes,==>,/OAI-XMLFile-2.21/XMLFile/w14/oai.pl?verb=ListIdentifiers&metadataPrefix=oai_dc[0m
[0;34mHTTP/1.1,200,402.47:::secs:,6638:::bytes,==>,/OAI-XMLFile-2.21/XMLFile/w14/oai.pl?verb=ListIdentifiers&metadataPrefix=oai_dc[0m
[0;34mHTTP/1.1,200,413.76:::secs:,6639:::bytes,==>,/OAI-XMLFile-2.21/XMLFile/w14/oai.pl?verb=ListIdentifiers&metadataPrefix=oai_dc[0m
[0;34mHTTP/1.1,200,428.87:::secs:,6639:::bytes,==>,/OAI-XMLFile-2.21/XMLFile/w14/oai.pl?verb=ListIdentifiers&metadataPrefix=oai_dc[0m
[0;34mHTTP/1.1,200,427.37:::secs:,6639:::bytes,==>,/OAI-XMLFile-2.21/XMLFile/w14/oai.pl?verb=ListIdentifiers&metadataPrefix=oai_dc[0m
[0;34mHTTP/1.1,200,47.17:::secs:,1366:::bytes,==>,/OAI-XMLFile-2.21/XMLFile/w14/oai.pl?verb=ListSets[0m
[0;34mHTTP/1.1,200,48.06:::secs:,1368:::bytes,==>,/OAI-XMLFile-2.21/XMLFile/w14/oai.pl?verb=ListSets[0m
[0;34mHTTP/1.1,200,43.92:::secs:,1368:::bytes,==>,/OAI-XMLFile-2.21/XMLFile/w14/oai.pl?verb=ListSets[0m
[0;34mHTTP/1.1,200,49.79:::secs:,1368:::bytes,==>,/OAI-XMLFile-2.21/XMLFile/w14/oai.pl?verb=ListSets[0m
[0;34mHTTP/1.1,200,46.68:::secs:,1368:::bytes,==>,/OAI-XMLFile-2.21/XMLFile/w14/oai.pl?verb=ListSets[0m
[0;34mHTTP/1.1,200,52.41:::secs:,648:::bytes,==>,/OAI-XMLFile-2.21/XMLFile/w14/oai.pl?verb=GetRecord&metadataPrefix=oai_dc&identifier=oai-union.ndltd.org-ADTP--255700.metadata[0m
[0;34mHTTP/1.1,200,49.18:::secs:,649:::bytes,==>,/OAI-XMLFile-2.21/XMLFile/w14/oai.pl?verb=GetRecord&metadataPrefix=oai_dc&identifier=oai-union.ndltd.org-ADTP--255700.metadata[0m
[0;34mHTTP/1.1,200,52.67:::secs:,648:::bytes,==>,/OAI-XMLFile-2.21/XMLFile/w14/oai.pl?verb=GetRecord&metadataPrefix=oai_dc&identifier=oai-union.ndltd.org-ADTP--255700.metadata[0m
[0;34mHTTP/1.1,200,50.10:::secs:,648:::bytes,==>,/OAI-XMLFile-2.21/XMLFile/w14/oai.pl?verb=GetRecord&metadataPrefix=oai_dc&identifier=oai-union.ndltd.org-ADTP--255700.metadata[0m
[0;34mHTTP/1.1,200,52.95:::secs:,649:::bytes,==>,/OAI-XMLFile-2.21/XMLFile/w14/oai.pl?verb=GetRecord&metadataPrefix=oai_dc&identifier=oai-union.ndltd.org-ADTP--255700.metadata[0m
[0;34mHTTP/1.1,200,0.09:::secs:,292:::bytes,==>,/OAI-XMLFile-2.21/XMLFile/w14/oai.pl?verb=ListRecords&metadataPrefix=oai_dc&identifier=oai-union.ndltd.org-CHENGCHI--B2002008312.metadata[0m
[0;34mHTTP/1.1,200,0.01:::secs:,291:::bytes,==>,/OAI-XMLFile-2.21/XMLFile/w14/oai.pl?verb=ListRecords&metadataPrefix=oai_dc&identifier=oai-union.ndltd.org-CHENGCHI--B2002008312.metadata[0m
[0;34mHTTP/1.1,200,0.00:::secs:,291:::bytes,==>,/OAI-XMLFile-2.21/XMLFile/w14/oai.pl?verb=ListRecords&metadataPrefix=oai_dc&identifier=oai-union.ndltd.org-CHENGCHI--B2002008312.metadata[0m
[0;34mHTTP/1.1,200,0.01:::secs:,292:::bytes,==>,/OAI-XMLFile-2.21/XMLFile/w14/oai.pl?verb=ListRecords&metadataPrefix=oai_dc&identifier=oai-union.ndltd.org-CHENGCHI--B2002008312.metadata[0m
[0;34mHTTP/1.1,200,0.01:::secs:,292:::bytes,==>,/OAI-XMLFile-2.21/XMLFile/w14/oai.pl?verb=ListRecords&metadataPrefix=oai_dc&identifier=oai-union.ndltd.org-CHENGCHI--B2002008312.metadata[0m
[0;34mHTTP/1.1,200,1642.39:::secs:,795702:::bytes,==>,/OAI-XMLFile-2.21/XMLFile/w15/oai.pl?verb=ListRecords&metadataPrefix=oai_dc[0m
[0;34mHTTP/1.1,200,1651.79:::secs:,795701:::bytes,==>,/OAI-XMLFile-2.21/XMLFile/w15/oai.pl?verb=ListRecords&metadataPrefix=oai_dc[0m
[0;34mHTTP/1.1,200,1628.89:::secs:,795704:::bytes,==>,/OAI-XMLFile-2.21/XMLFile/w15/oai.pl?verb=ListRecords&metadataPrefix=oai_dc[0m
[0;34mHTTP/1.1,200,1671.14:::secs:,795702:::bytes,==>,/OAI-XMLFile-2.21/XMLFile/w15/oai.pl?verb=ListRecords&metadataPrefix=oai_dc[0m
[0;34mHTTP/1.1,200,1686.33:::secs:,795704:::bytes,==>,/OAI-XMLFile-2.21/XMLFile/w15/oai.pl?verb=ListRecords&metadataPrefix=oai_dc[0m
[0;34mHTTP/1.1,200,1682.04:::secs:,6676:::bytes,==>,/OAI-XMLFile-2.21/XMLFile/w15/oai.pl?verb=ListIdentifiers&metadataPrefix=oai_dc[0m
[0;34mHTTP/1.1,200,1753.19:::secs:,6676:::bytes,==>,/OAI-XMLFile-2.21/XMLFile/w15/oai.pl?verb=ListIdentifiers&metadataPrefix=oai_dc[0m
[0;34mHTTP/1.1,200,1622.84:::secs:,6676:::bytes,==>,/OAI-XMLFile-2.21/XMLFile/w15/oai.pl?verb=ListIdentifiers&metadataPrefix=oai_dc[0m
[0;34mHTTP/1.1,200,1738.88:::secs:,6676:::bytes,==>,/OAI-XMLFile-2.21/XMLFile/w15/oai.pl?verb=ListIdentifiers&metadataPrefix=oai_dc[0m
[0;34mHTTP/1.1,200,1727.20:::secs:,6676:::bytes,==>,/OAI-XMLFile-2.21/XMLFile/w15/oai.pl?verb=ListIdentifiers&metadataPrefix=oai_dc[0m
[0;34mHTTP/1.1,200,471.88:::secs:,1370:::bytes,==>,/OAI-XMLFile-2.21/XMLFile/w15/oai.pl?verb=ListSets[0m
[0;34mHTTP/1.1,200,468.43:::secs:,1370:::bytes,==>,/OAI-XMLFile-2.21/XMLFile/w15/oai.pl?verb=ListSets[0m
[0;34mHTTP/1.1,200,510.25:::secs:,1369:::bytes,==>,/OAI-XMLFile-2.21/XMLFile/w15/oai.pl?verb=ListSets[0m
[0;34mHTTP/1.1,200,447.21:::secs:,1370:::bytes,==>,/OAI-XMLFile-2.21/XMLFile/w15/oai.pl?verb=ListSets[0m
[0;34mHTTP/1.1,200,449.08:::secs:,1370:::bytes,==>,/OAI-XMLFile-2.21/XMLFile/w15/oai.pl?verb=ListSets[0m
[0;34mHTTP/1.1,200,473.09:::secs:,649:::bytes,==>,/OAI-XMLFile-2.21/XMLFile/w15/oai.pl?verb=GetRecord&metadataPrefix=oai_dc&identifier=oai-union.ndltd.org-ADTP--255700.metadata[0m
[0;34mHTTP/1.1,200,472.15:::secs:,649:::bytes,==>,/OAI-XMLFile-2.21/XMLFile/w15/oai.pl?verb=GetRecord&metadataPrefix=oai_dc&identifier=oai-union.ndltd.org-ADTP--255700.metadata[0m
[0;34mHTTP/1.1,200,499.31:::secs:,649:::bytes,==>,/OAI-XMLFile-2.21/XMLFile/w15/oai.pl?verb=GetRecord&metadataPrefix=oai_dc&identifier=oai-union.ndltd.org-ADTP--255700.metadata[0m
[0;34mHTTP/1.1,200,614.97:::secs:,649:::bytes,==>,/OAI-XMLFile-2.21/XMLFile/w15/oai.pl?verb=GetRecord&metadataPrefix=oai_dc&identifier=oai-union.ndltd.org-ADTP--255700.metadata[0m
[0;34mHTTP/1.1,200,625.53:::secs:,648:::bytes,==>,/OAI-XMLFile-2.21/XMLFile/w15/oai.pl?verb=GetRecord&metadataPrefix=oai_dc&identifier=oai-union.ndltd.org-ADTP--255700.metadata[0m
[0;34mHTTP/1.1,200,0.13:::secs:,293:::bytes,==>,/OAI-XMLFile-2.21/XMLFile/w15/oai.pl?verb=ListRecords&metadataPrefix=oai_dc&identifier=oai-union.ndltd.org-CHENGCHI--B2002008312.metadata[0m
[0;34mHTTP/1.1,200,0.01:::secs:,292:::bytes,==>,/OAI-XMLFile-2.21/XMLFile/w15/oai.pl?verb=ListRecords&metadataPrefix=oai_dc&identifier=oai-union.ndltd.org-CHENGCHI--B2002008312.metadata[0m
[0;34mHTTP/1.1,200,0.01:::secs:,291:::bytes,==>,/OAI-XMLFile-2.21/XMLFile/w15/oai.pl?verb=ListRecords&metadataPrefix=oai_dc&identifier=oai-union.ndltd.org-CHENGCHI--B2002008312.metadata[0m
[0;34mHTTP/1.1,200,0.01:::secs:,293:::bytes,==>,/OAI-XMLFile-2.21/XMLFile/w15/oai.pl?verb=ListRecords&metadataPrefix=oai_dc&identifier=oai-union.ndltd.org-CHENGCHI--B2002008312.metadata[0m
[0;34mHTTP/1.1,200,0.00:::secs:,293:::bytes,==>,/OAI-XMLFile-2.21/XMLFile/w15/oai.pl?verb=ListRecords&metadataPrefix=oai_dc&identifier=oai-union.ndltd.org-CHENGCHI--B2002008312.metadata[0m
