HTTP,Response,Time,Seconds,Bytes,Junk,URL,Context,App,Workload,Verb,,,
[0;34mHTTP/1.1,200,1.94:::secs:,1.94,34226:::bytes,Err:510,/OAI-XMLFile-2.21/XMLFile/w1/oai.pl?verb=ListRecords&metadataPrefix=oai_dc[0m,OAI-XMLFile-2.21,XMLFile,w1,oai.pl?verb,ListRecords&metadataPrefix,oai_dc[0m,
[0;34mHTTP/1.1,200,0.55:::secs:,0.55,34225:::bytes,Err:510,/OAI-XMLFile-2.21/XMLFile/w1/oai.pl?verb=ListRecords&metadataPrefix=oai_dc[0m,OAI-XMLFile-2.21,XMLFile,w1,oai.pl?verb,ListRecords&metadataPrefix,oai_dc[0m,
[0;34mHTTP/1.1,200,0.49:::secs:,0.49,34224:::bytes,Err:510,/OAI-XMLFile-2.21/XMLFile/w1/oai.pl?verb=ListRecords&metadataPrefix=oai_dc[0m,OAI-XMLFile-2.21,XMLFile,w1,oai.pl?verb,ListRecords&metadataPrefix,oai_dc[0m,
[0;34mHTTP/1.1,200,0.49:::secs:,0.49,34226:::bytes,Err:510,/OAI-XMLFile-2.21/XMLFile/w1/oai.pl?verb=ListRecords&metadataPrefix=oai_dc[0m,OAI-XMLFile-2.21,XMLFile,w1,oai.pl?verb,ListRecords&metadataPrefix,oai_dc[0m,
[0;34mHTTP/1.1,200,0.49:::secs:,0.49,34226:::bytes,Err:510,/OAI-XMLFile-2.21/XMLFile/w1/oai.pl?verb=ListRecords&metadataPrefix=oai_dc[0m,OAI-XMLFile-2.21,XMLFile,w1,oai.pl?verb,ListRecords&metadataPrefix,oai_dc[0m,
[0;34mHTTP/1.1,200,0.02:::secs:,0.02,1585:::bytes,Err:510,/OAI-XMLFile-2.21/XMLFile/w1/oai.pl?verb=ListIdentifiers&metadataPrefix=oai_dc[0m,OAI-XMLFile-2.21,XMLFile,w1,oai.pl?verb,ListIdentifiers&metadataPrefix,oai_dc[0m,
[0;34mHTTP/1.1,200,0.03:::secs:,0.03,1585:::bytes,Err:510,/OAI-XMLFile-2.21/XMLFile/w1/oai.pl?verb=ListIdentifiers&metadataPrefix=oai_dc[0m,OAI-XMLFile-2.21,XMLFile,w1,oai.pl?verb,ListIdentifiers&metadataPrefix,oai_dc[0m,
[0;34mHTTP/1.1,200,0.02:::secs:,0.02,1585:::bytes,Err:510,/OAI-XMLFile-2.21/XMLFile/w1/oai.pl?verb=ListIdentifiers&metadataPrefix=oai_dc[0m,OAI-XMLFile-2.21,XMLFile,w1,oai.pl?verb,ListIdentifiers&metadataPrefix,oai_dc[0m,
[0;34mHTTP/1.1,200,0.03:::secs:,0.03,1585:::bytes,Err:510,/OAI-XMLFile-2.21/XMLFile/w1/oai.pl?verb=ListIdentifiers&metadataPrefix=oai_dc[0m,OAI-XMLFile-2.21,XMLFile,w1,oai.pl?verb,ListIdentifiers&metadataPrefix,oai_dc[0m,
[0;34mHTTP/1.1,200,0.01:::secs:,0.01,1585:::bytes,Err:510,/OAI-XMLFile-2.21/XMLFile/w1/oai.pl?verb=ListIdentifiers&metadataPrefix=oai_dc[0m,OAI-XMLFile-2.21,XMLFile,w1,oai.pl?verb,ListIdentifiers&metadataPrefix,oai_dc[0m,
[0;34mHTTP/1.1,200,0.02:::secs:,0.02,973:::bytes,Err:510,/OAI-XMLFile-2.21/XMLFile/w1/oai.pl?verb=ListSets[0m,OAI-XMLFile-2.21,XMLFile,w1,oai.pl?verb,ListSets[0m,,
[0;34mHTTP/1.1,200,0.01:::secs:,0.01,973:::bytes,Err:510,/OAI-XMLFile-2.21/XMLFile/w1/oai.pl?verb=ListSets[0m,OAI-XMLFile-2.21,XMLFile,w1,oai.pl?verb,ListSets[0m,,
[0;34mHTTP/1.1,200,0.01:::secs:,0.01,974:::bytes,Err:510,/OAI-XMLFile-2.21/XMLFile/w1/oai.pl?verb=ListSets[0m,OAI-XMLFile-2.21,XMLFile,w1,oai.pl?verb,ListSets[0m,,
[0;34mHTTP/1.1,200,0.01:::secs:,0.01,974:::bytes,Err:510,/OAI-XMLFile-2.21/XMLFile/w1/oai.pl?verb=ListSets[0m,OAI-XMLFile-2.21,XMLFile,w1,oai.pl?verb,ListSets[0m,,
[0;34mHTTP/1.1,200,0.01:::secs:,0.01,974:::bytes,Err:510,/OAI-XMLFile-2.21/XMLFile/w1/oai.pl?verb=ListSets[0m,OAI-XMLFile-2.21,XMLFile,w1,oai.pl?verb,ListSets[0m,,
[0;34mHTTP/1.1,200,0.01:::secs:,0.01,385:::bytes,Err:510,/OAI-XMLFile-2.21/XMLFile/w1/oai.pl?verb=GetRecord&metadataPrefix=oai_dc&identifier=oai-union.ndltd.org-TW--090NCU05015040.metadata[0m,OAI-XMLFile-2.21,XMLFile,w1,oai.pl?verb,GetRecord&metadataPrefix,oai_dc&identifier,oai-union.ndltd.org-TW--090NCU05015040.metadata[0m
[0;34mHTTP/1.1,200,0.01:::secs:,0.01,385:::bytes,Err:510,/OAI-XMLFile-2.21/XMLFile/w1/oai.pl?verb=GetRecord&metadataPrefix=oai_dc&identifier=oai-union.ndltd.org-TW--090NCU05015040.metadata[0m,OAI-XMLFile-2.21,XMLFile,w1,oai.pl?verb,GetRecord&metadataPrefix,oai_dc&identifier,oai-union.ndltd.org-TW--090NCU05015040.metadata[0m
[0;34mHTTP/1.1,200,0.02:::secs:,0.02,383:::bytes,Err:510,/OAI-XMLFile-2.21/XMLFile/w1/oai.pl?verb=GetRecord&metadataPrefix=oai_dc&identifier=oai-union.ndltd.org-TW--090NCU05015040.metadata[0m,OAI-XMLFile-2.21,XMLFile,w1,oai.pl?verb,GetRecord&metadataPrefix,oai_dc&identifier,oai-union.ndltd.org-TW--090NCU05015040.metadata[0m
[0;34mHTTP/1.1,200,0.01:::secs:,0.01,383:::bytes,Err:510,/OAI-XMLFile-2.21/XMLFile/w1/oai.pl?verb=GetRecord&metadataPrefix=oai_dc&identifier=oai-union.ndltd.org-TW--090NCU05015040.metadata[0m,OAI-XMLFile-2.21,XMLFile,w1,oai.pl?verb,GetRecord&metadataPrefix,oai_dc&identifier,oai-union.ndltd.org-TW--090NCU05015040.metadata[0m
[0;34mHTTP/1.1,200,0.01:::secs:,0.01,386:::bytes,Err:510,/OAI-XMLFile-2.21/XMLFile/w1/oai.pl?verb=GetRecord&metadataPrefix=oai_dc&identifier=oai-union.ndltd.org-TW--090NCU05015040.metadata[0m,OAI-XMLFile-2.21,XMLFile,w1,oai.pl?verb,GetRecord&metadataPrefix,oai_dc&identifier,oai-union.ndltd.org-TW--090NCU05015040.metadata[0m
[0;34mHTTP/1.1,200,0.01:::secs:,0.01,387:::bytes,Err:510,/OAI-XMLFile-2.21/XMLFile/w1/oai.pl?verb=GetRecord&metadataPrefix=oai_dc&identifier=oai-union.ndltd.org-TW--090NTNU0395018.metadata[0m,OAI-XMLFile-2.21,XMLFile,w1,oai.pl?verb,GetRecord&metadataPrefix,oai_dc&identifier,oai-union.ndltd.org-TW--090NTNU0395018.metadata[0m
[0;34mHTTP/1.1,200,0.01:::secs:,0.01,387:::bytes,Err:510,/OAI-XMLFile-2.21/XMLFile/w1/oai.pl?verb=GetRecord&metadataPrefix=oai_dc&identifier=oai-union.ndltd.org-TW--090NTNU0395018.metadata[0m,OAI-XMLFile-2.21,XMLFile,w1,oai.pl?verb,GetRecord&metadataPrefix,oai_dc&identifier,oai-union.ndltd.org-TW--090NTNU0395018.metadata[0m
[0;34mHTTP/1.1,200,0.01:::secs:,0.01,388:::bytes,Err:510,/OAI-XMLFile-2.21/XMLFile/w1/oai.pl?verb=GetRecord&metadataPrefix=oai_dc&identifier=oai-union.ndltd.org-TW--090NTNU0395018.metadata[0m,OAI-XMLFile-2.21,XMLFile,w1,oai.pl?verb,GetRecord&metadataPrefix,oai_dc&identifier,oai-union.ndltd.org-TW--090NTNU0395018.metadata[0m
[0;34mHTTP/1.1,200,0.01:::secs:,0.01,388:::bytes,Err:510,/OAI-XMLFile-2.21/XMLFile/w1/oai.pl?verb=GetRecord&metadataPrefix=oai_dc&identifier=oai-union.ndltd.org-TW--090NTNU0395018.metadata[0m,OAI-XMLFile-2.21,XMLFile,w1,oai.pl?verb,GetRecord&metadataPrefix,oai_dc&identifier,oai-union.ndltd.org-TW--090NTNU0395018.metadata[0m
[0;34mHTTP/1.1,200,0.02:::secs:,0.02,387:::bytes,Err:510,/OAI-XMLFile-2.21/XMLFile/w1/oai.pl?verb=GetRecord&metadataPrefix=oai_dc&identifier=oai-union.ndltd.org-TW--090NTNU0395018.metadata[0m,OAI-XMLFile-2.21,XMLFile,w1,oai.pl?verb,GetRecord&metadataPrefix,oai_dc&identifier,oai-union.ndltd.org-TW--090NTNU0395018.metadata[0m
[0;34mHTTP/1.1,200,2.41:::secs:,2.41,56827:::bytes,Err:510,/OAI-XMLFile-2.21/XMLFile/w2/oai.pl?verb=ListRecords&metadataPrefix=oai_dc[0m,OAI-XMLFile-2.21,XMLFile,w2,oai.pl?verb,ListRecords&metadataPrefix,oai_dc[0m,
[0;34mHTTP/1.1,200,0.99:::secs:,0.99,56828:::bytes,Err:510,/OAI-XMLFile-2.21/XMLFile/w2/oai.pl?verb=ListRecords&metadataPrefix=oai_dc[0m,OAI-XMLFile-2.21,XMLFile,w2,oai.pl?verb,ListRecords&metadataPrefix,oai_dc[0m,
[0;34mHTTP/1.1,200,1.00:::secs:,1,56828:::bytes,Err:510,/OAI-XMLFile-2.21/XMLFile/w2/oai.pl?verb=ListRecords&metadataPrefix=oai_dc[0m,OAI-XMLFile-2.21,XMLFile,w2,oai.pl?verb,ListRecords&metadataPrefix,oai_dc[0m,
[0;34mHTTP/1.1,200,0.99:::secs:,0.99,56828:::bytes,Err:510,/OAI-XMLFile-2.21/XMLFile/w2/oai.pl?verb=ListRecords&metadataPrefix=oai_dc[0m,OAI-XMLFile-2.21,XMLFile,w2,oai.pl?verb,ListRecords&metadataPrefix,oai_dc[0m,
[0;34mHTTP/1.1,200,0.99:::secs:,0.99,56827:::bytes,Err:510,/OAI-XMLFile-2.21/XMLFile/w2/oai.pl?verb=ListRecords&metadataPrefix=oai_dc[0m,OAI-XMLFile-2.21,XMLFile,w2,oai.pl?verb,ListRecords&metadataPrefix,oai_dc[0m,
[0;34mHTTP/1.1,200,0.03:::secs:,0.03,2502:::bytes,Err:510,/OAI-XMLFile-2.21/XMLFile/w2/oai.pl?verb=ListIdentifiers&metadataPrefix=oai_dc[0m,OAI-XMLFile-2.21,XMLFile,w2,oai.pl?verb,ListIdentifiers&metadataPrefix,oai_dc[0m,
[0;34mHTTP/1.1,200,0.03:::secs:,0.03,2502:::bytes,Err:510,/OAI-XMLFile-2.21/XMLFile/w2/oai.pl?verb=ListIdentifiers&metadataPrefix=oai_dc[0m,OAI-XMLFile-2.21,XMLFile,w2,oai.pl?verb,ListIdentifiers&metadataPrefix,oai_dc[0m,
[0;34mHTTP/1.1,200,0.03:::secs:,0.03,2502:::bytes,Err:510,/OAI-XMLFile-2.21/XMLFile/w2/oai.pl?verb=ListIdentifiers&metadataPrefix=oai_dc[0m,OAI-XMLFile-2.21,XMLFile,w2,oai.pl?verb,ListIdentifiers&metadataPrefix,oai_dc[0m,
[0;34mHTTP/1.1,200,0.04:::secs:,0.04,2502:::bytes,Err:510,/OAI-XMLFile-2.21/XMLFile/w2/oai.pl?verb=ListIdentifiers&metadataPrefix=oai_dc[0m,OAI-XMLFile-2.21,XMLFile,w2,oai.pl?verb,ListIdentifiers&metadataPrefix,oai_dc[0m,
[0;34mHTTP/1.1,200,0.03:::secs:,0.03,2502:::bytes,Err:510,/OAI-XMLFile-2.21/XMLFile/w2/oai.pl?verb=ListIdentifiers&metadataPrefix=oai_dc[0m,OAI-XMLFile-2.21,XMLFile,w2,oai.pl?verb,ListIdentifiers&metadataPrefix,oai_dc[0m,
[0;34mHTTP/1.1,200,0.01:::secs:,0.01,1329:::bytes,Err:510,/OAI-XMLFile-2.21/XMLFile/w2/oai.pl?verb=ListSets[0m,OAI-XMLFile-2.21,XMLFile,w2,oai.pl?verb,ListSets[0m,,
[0;34mHTTP/1.1,200,0.02:::secs:,0.02,1329:::bytes,Err:510,/OAI-XMLFile-2.21/XMLFile/w2/oai.pl?verb=ListSets[0m,OAI-XMLFile-2.21,XMLFile,w2,oai.pl?verb,ListSets[0m,,
[0;34mHTTP/1.1,200,0.01:::secs:,0.01,1329:::bytes,Err:510,/OAI-XMLFile-2.21/XMLFile/w2/oai.pl?verb=ListSets[0m,OAI-XMLFile-2.21,XMLFile,w2,oai.pl?verb,ListSets[0m,,
[0;34mHTTP/1.1,200,0.01:::secs:,0.01,1329:::bytes,Err:510,/OAI-XMLFile-2.21/XMLFile/w2/oai.pl?verb=ListSets[0m,OAI-XMLFile-2.21,XMLFile,w2,oai.pl?verb,ListSets[0m,,
[0;34mHTTP/1.1,200,0.02:::secs:,0.02,1329:::bytes,Err:510,/OAI-XMLFile-2.21/XMLFile/w2/oai.pl?verb=ListSets[0m,OAI-XMLFile-2.21,XMLFile,w2,oai.pl?verb,ListSets[0m,,
[0;34mHTTP/1.1,200,0.01:::secs:,0.01,383:::bytes,Err:510,/OAI-XMLFile-2.21/XMLFile/w2/oai.pl?verb=GetRecord&metadataPrefix=oai_dc&identifier=oai-union.ndltd.org-TW--090NCHU0402007.metadata[0m,OAI-XMLFile-2.21,XMLFile,w2,oai.pl?verb,GetRecord&metadataPrefix,oai_dc&identifier,oai-union.ndltd.org-TW--090NCHU0402007.metadata[0m
[0;34mHTTP/1.1,200,0.02:::secs:,0.02,383:::bytes,Err:510,/OAI-XMLFile-2.21/XMLFile/w2/oai.pl?verb=GetRecord&metadataPrefix=oai_dc&identifier=oai-union.ndltd.org-TW--090NCHU0402007.metadata[0m,OAI-XMLFile-2.21,XMLFile,w2,oai.pl?verb,GetRecord&metadataPrefix,oai_dc&identifier,oai-union.ndltd.org-TW--090NCHU0402007.metadata[0m
[0;34mHTTP/1.1,200,0.01:::secs:,0.01,384:::bytes,Err:510,/OAI-XMLFile-2.21/XMLFile/w2/oai.pl?verb=GetRecord&metadataPrefix=oai_dc&identifier=oai-union.ndltd.org-TW--090NCHU0402007.metadata[0m,OAI-XMLFile-2.21,XMLFile,w2,oai.pl?verb,GetRecord&metadataPrefix,oai_dc&identifier,oai-union.ndltd.org-TW--090NCHU0402007.metadata[0m
[0;34mHTTP/1.1,200,0.02:::secs:,0.02,385:::bytes,Err:510,/OAI-XMLFile-2.21/XMLFile/w2/oai.pl?verb=GetRecord&metadataPrefix=oai_dc&identifier=oai-union.ndltd.org-TW--090NCHU0402007.metadata[0m,OAI-XMLFile-2.21,XMLFile,w2,oai.pl?verb,GetRecord&metadataPrefix,oai_dc&identifier,oai-union.ndltd.org-TW--090NCHU0402007.metadata[0m
[0;34mHTTP/1.1,200,0.01:::secs:,0.01,383:::bytes,Err:510,/OAI-XMLFile-2.21/XMLFile/w2/oai.pl?verb=GetRecord&metadataPrefix=oai_dc&identifier=oai-union.ndltd.org-TW--090NCHU0402007.metadata[0m,OAI-XMLFile-2.21,XMLFile,w2,oai.pl?verb,GetRecord&metadataPrefix,oai_dc&identifier,oai-union.ndltd.org-TW--090NCHU0402007.metadata[0m
[0;34mHTTP/1.1,200,0.02:::secs:,0.02,388:::bytes,Err:510,/OAI-XMLFile-2.21/XMLFile/w2/oai.pl?verb=GetRecord&metadataPrefix=oai_dc&identifier=oai-union.ndltd.org-TW--090NTNU0395018.metadata[0m,OAI-XMLFile-2.21,XMLFile,w2,oai.pl?verb,GetRecord&metadataPrefix,oai_dc&identifier,oai-union.ndltd.org-TW--090NTNU0395018.metadata[0m
[0;34mHTTP/1.1,200,0.01:::secs:,0.01,388:::bytes,Err:510,/OAI-XMLFile-2.21/XMLFile/w2/oai.pl?verb=GetRecord&metadataPrefix=oai_dc&identifier=oai-union.ndltd.org-TW--090NTNU0395018.metadata[0m,OAI-XMLFile-2.21,XMLFile,w2,oai.pl?verb,GetRecord&metadataPrefix,oai_dc&identifier,oai-union.ndltd.org-TW--090NTNU0395018.metadata[0m
[0;34mHTTP/1.1,200,0.01:::secs:,0.01,388:::bytes,Err:510,/OAI-XMLFile-2.21/XMLFile/w2/oai.pl?verb=GetRecord&metadataPrefix=oai_dc&identifier=oai-union.ndltd.org-TW--090NTNU0395018.metadata[0m,OAI-XMLFile-2.21,XMLFile,w2,oai.pl?verb,GetRecord&metadataPrefix,oai_dc&identifier,oai-union.ndltd.org-TW--090NTNU0395018.metadata[0m
[0;34mHTTP/1.1,200,0.01:::secs:,0.01,388:::bytes,Err:510,/OAI-XMLFile-2.21/XMLFile/w2/oai.pl?verb=GetRecord&metadataPrefix=oai_dc&identifier=oai-union.ndltd.org-TW--090NTNU0395018.metadata[0m,OAI-XMLFile-2.21,XMLFile,w2,oai.pl?verb,GetRecord&metadataPrefix,oai_dc&identifier,oai-union.ndltd.org-TW--090NTNU0395018.metadata[0m
[0;34mHTTP/1.1,200,0.02:::secs:,0.02,387:::bytes,Err:510,/OAI-XMLFile-2.21/XMLFile/w2/oai.pl?verb=GetRecord&metadataPrefix=oai_dc&identifier=oai-union.ndltd.org-TW--090NTNU0395018.metadata[0m,OAI-XMLFile-2.21,XMLFile,w2,oai.pl?verb,GetRecord&metadataPrefix,oai_dc&identifier,oai-union.ndltd.org-TW--090NTNU0395018.metadata[0m
[0;34mHTTP/1.1,200,3.23:::secs:,3.23,125055:::bytes,Err:510,/OAI-XMLFile-2.21/XMLFile/w3/oai.pl?verb=ListRecords&metadataPrefix=oai_dc[0m,OAI-XMLFile-2.21,XMLFile,w3,oai.pl?verb,ListRecords&metadataPrefix,oai_dc[0m,
[0;34mHTTP/1.1,200,2.01:::secs:,2.01,125055:::bytes,Err:510,/OAI-XMLFile-2.21/XMLFile/w3/oai.pl?verb=ListRecords&metadataPrefix=oai_dc[0m,OAI-XMLFile-2.21,XMLFile,w3,oai.pl?verb,ListRecords&metadataPrefix,oai_dc[0m,
[0;34mHTTP/1.1,200,2.03:::secs:,2.03,125056:::bytes,Err:510,/OAI-XMLFile-2.21/XMLFile/w3/oai.pl?verb=ListRecords&metadataPrefix=oai_dc[0m,OAI-XMLFile-2.21,XMLFile,w3,oai.pl?verb,ListRecords&metadataPrefix,oai_dc[0m,
[0;34mHTTP/1.1,200,2.03:::secs:,2.03,125055:::bytes,Err:510,/OAI-XMLFile-2.21/XMLFile/w3/oai.pl?verb=ListRecords&metadataPrefix=oai_dc[0m,OAI-XMLFile-2.21,XMLFile,w3,oai.pl?verb,ListRecords&metadataPrefix,oai_dc[0m,
[0;34mHTTP/1.1,200,2.03:::secs:,2.03,125056:::bytes,Err:510,/OAI-XMLFile-2.21/XMLFile/w3/oai.pl?verb=ListRecords&metadataPrefix=oai_dc[0m,OAI-XMLFile-2.21,XMLFile,w3,oai.pl?verb,ListRecords&metadataPrefix,oai_dc[0m,
[0;34mHTTP/1.1,200,0.07:::secs:,0.07,4343:::bytes,Err:510,/OAI-XMLFile-2.21/XMLFile/w3/oai.pl?verb=ListIdentifiers&metadataPrefix=oai_dc[0m,OAI-XMLFile-2.21,XMLFile,w3,oai.pl?verb,ListIdentifiers&metadataPrefix,oai_dc[0m,
[0;34mHTTP/1.1,200,0.07:::secs:,0.07,4343:::bytes,Err:510,/OAI-XMLFile-2.21/XMLFile/w3/oai.pl?verb=ListIdentifiers&metadataPrefix=oai_dc[0m,OAI-XMLFile-2.21,XMLFile,w3,oai.pl?verb,ListIdentifiers&metadataPrefix,oai_dc[0m,
[0;34mHTTP/1.1,200,0.07:::secs:,0.07,4343:::bytes,Err:510,/OAI-XMLFile-2.21/XMLFile/w3/oai.pl?verb=ListIdentifiers&metadataPrefix=oai_dc[0m,OAI-XMLFile-2.21,XMLFile,w3,oai.pl?verb,ListIdentifiers&metadataPrefix,oai_dc[0m,
[0;34mHTTP/1.1,200,0.07:::secs:,0.07,4343:::bytes,Err:510,/OAI-XMLFile-2.21/XMLFile/w3/oai.pl?verb=ListIdentifiers&metadataPrefix=oai_dc[0m,OAI-XMLFile-2.21,XMLFile,w3,oai.pl?verb,ListIdentifiers&metadataPrefix,oai_dc[0m,
[0;34mHTTP/1.1,200,0.07:::secs:,0.07,4343:::bytes,Err:510,/OAI-XMLFile-2.21/XMLFile/w3/oai.pl?verb=ListIdentifiers&metadataPrefix=oai_dc[0m,OAI-XMLFile-2.21,XMLFile,w3,oai.pl?verb,ListIdentifiers&metadataPrefix,oai_dc[0m,
[0;34mHTTP/1.1,200,0.02:::secs:,0.02,2065:::bytes,Err:510,/OAI-XMLFile-2.21/XMLFile/w3/oai.pl?verb=ListSets[0m,OAI-XMLFile-2.21,XMLFile,w3,oai.pl?verb,ListSets[0m,,
[0;34mHTTP/1.1,200,0.03:::secs:,0.03,2065:::bytes,Err:510,/OAI-XMLFile-2.21/XMLFile/w3/oai.pl?verb=ListSets[0m,OAI-XMLFile-2.21,XMLFile,w3,oai.pl?verb,ListSets[0m,,
[0;34mHTTP/1.1,200,0.02:::secs:,0.02,2065:::bytes,Err:510,/OAI-XMLFile-2.21/XMLFile/w3/oai.pl?verb=ListSets[0m,OAI-XMLFile-2.21,XMLFile,w3,oai.pl?verb,ListSets[0m,,
[0;34mHTTP/1.1,200,0.01:::secs:,0.01,2065:::bytes,Err:510,/OAI-XMLFile-2.21/XMLFile/w3/oai.pl?verb=ListSets[0m,OAI-XMLFile-2.21,XMLFile,w3,oai.pl?verb,ListSets[0m,,
[0;34mHTTP/1.1,200,0.02:::secs:,0.02,2065:::bytes,Err:510,/OAI-XMLFile-2.21/XMLFile/w3/oai.pl?verb=ListSets[0m,OAI-XMLFile-2.21,XMLFile,w3,oai.pl?verb,ListSets[0m,,
[0;34mHTTP/1.1,200,0.02:::secs:,0.02,387:::bytes,Err:510,/OAI-XMLFile-2.21/XMLFile/w3/oai.pl?verb=GetRecord&metadataPrefix=oai_dc&identifier=oai-union.ndltd.org-TW--100FJU00023021.metadata[0m,OAI-XMLFile-2.21,XMLFile,w3,oai.pl?verb,GetRecord&metadataPrefix,oai_dc&identifier,oai-union.ndltd.org-TW--100FJU00023021.metadata[0m
[0;34mHTTP/1.1,200,0.02:::secs:,0.02,386:::bytes,Err:510,/OAI-XMLFile-2.21/XMLFile/w3/oai.pl?verb=GetRecord&metadataPrefix=oai_dc&identifier=oai-union.ndltd.org-TW--100FJU00023021.metadata[0m,OAI-XMLFile-2.21,XMLFile,w3,oai.pl?verb,GetRecord&metadataPrefix,oai_dc&identifier,oai-union.ndltd.org-TW--100FJU00023021.metadata[0m
[0;34mHTTP/1.1,200,0.02:::secs:,0.02,386:::bytes,Err:510,/OAI-XMLFile-2.21/XMLFile/w3/oai.pl?verb=GetRecord&metadataPrefix=oai_dc&identifier=oai-union.ndltd.org-TW--100FJU00023021.metadata[0m,OAI-XMLFile-2.21,XMLFile,w3,oai.pl?verb,GetRecord&metadataPrefix,oai_dc&identifier,oai-union.ndltd.org-TW--100FJU00023021.metadata[0m
[0;34mHTTP/1.1,200,0.02:::secs:,0.02,386:::bytes,Err:510,/OAI-XMLFile-2.21/XMLFile/w3/oai.pl?verb=GetRecord&metadataPrefix=oai_dc&identifier=oai-union.ndltd.org-TW--100FJU00023021.metadata[0m,OAI-XMLFile-2.21,XMLFile,w3,oai.pl?verb,GetRecord&metadataPrefix,oai_dc&identifier,oai-union.ndltd.org-TW--100FJU00023021.metadata[0m
[0;34mHTTP/1.1,200,0.02:::secs:,0.02,386:::bytes,Err:510,/OAI-XMLFile-2.21/XMLFile/w3/oai.pl?verb=GetRecord&metadataPrefix=oai_dc&identifier=oai-union.ndltd.org-TW--100FJU00023021.metadata[0m,OAI-XMLFile-2.21,XMLFile,w3,oai.pl?verb,GetRecord&metadataPrefix,oai_dc&identifier,oai-union.ndltd.org-TW--100FJU00023021.metadata[0m
[0;34mHTTP/1.1,200,0.02:::secs:,0.02,388:::bytes,Err:510,/OAI-XMLFile-2.21/XMLFile/w3/oai.pl?verb=GetRecord&metadataPrefix=oai_dc&identifier=oai-union.ndltd.org-TW--090NCTU0489014.metadata[0m,OAI-XMLFile-2.21,XMLFile,w3,oai.pl?verb,GetRecord&metadataPrefix,oai_dc&identifier,oai-union.ndltd.org-TW--090NCTU0489014.metadata[0m
[0;34mHTTP/1.1,200,0.01:::secs:,0.01,388:::bytes,Err:510,/OAI-XMLFile-2.21/XMLFile/w3/oai.pl?verb=GetRecord&metadataPrefix=oai_dc&identifier=oai-union.ndltd.org-TW--090NCTU0489014.metadata[0m,OAI-XMLFile-2.21,XMLFile,w3,oai.pl?verb,GetRecord&metadataPrefix,oai_dc&identifier,oai-union.ndltd.org-TW--090NCTU0489014.metadata[0m
[0;34mHTTP/1.1,200,0.02:::secs:,0.02,388:::bytes,Err:510,/OAI-XMLFile-2.21/XMLFile/w3/oai.pl?verb=GetRecord&metadataPrefix=oai_dc&identifier=oai-union.ndltd.org-TW--090NCTU0489014.metadata[0m,OAI-XMLFile-2.21,XMLFile,w3,oai.pl?verb,GetRecord&metadataPrefix,oai_dc&identifier,oai-union.ndltd.org-TW--090NCTU0489014.metadata[0m
[0;34mHTTP/1.1,200,0.02:::secs:,0.02,388:::bytes,Err:510,/OAI-XMLFile-2.21/XMLFile/w3/oai.pl?verb=GetRecord&metadataPrefix=oai_dc&identifier=oai-union.ndltd.org-TW--090NCTU0489014.metadata[0m,OAI-XMLFile-2.21,XMLFile,w3,oai.pl?verb,GetRecord&metadataPrefix,oai_dc&identifier,oai-union.ndltd.org-TW--090NCTU0489014.metadata[0m
[0;34mHTTP/1.1,200,0.02:::secs:,0.02,388:::bytes,Err:510,/OAI-XMLFile-2.21/XMLFile/w3/oai.pl?verb=GetRecord&metadataPrefix=oai_dc&identifier=oai-union.ndltd.org-TW--090NCTU0489014.metadata[0m,OAI-XMLFile-2.21,XMLFile,w3,oai.pl?verb,GetRecord&metadataPrefix,oai_dc&identifier,oai-union.ndltd.org-TW--090NCTU0489014.metadata[0m
[0;34mHTTP/1.1,200,5.89:::secs:,5.89,243362:::bytes,Err:510,/OAI-XMLFile-2.21/XMLFile/w4/oai.pl?verb=ListRecords&metadataPrefix=oai_dc[0m,OAI-XMLFile-2.21,XMLFile,w4,oai.pl?verb,ListRecords&metadataPrefix,oai_dc[0m,
[0;34mHTTP/1.1,200,4.17:::secs:,4.17,243364:::bytes,Err:510,/OAI-XMLFile-2.21/XMLFile/w4/oai.pl?verb=ListRecords&metadataPrefix=oai_dc[0m,OAI-XMLFile-2.21,XMLFile,w4,oai.pl?verb,ListRecords&metadataPrefix,oai_dc[0m,
[0;34mHTTP/1.1,200,4.25:::secs:,4.25,243364:::bytes,Err:510,/OAI-XMLFile-2.21/XMLFile/w4/oai.pl?verb=ListRecords&metadataPrefix=oai_dc[0m,OAI-XMLFile-2.21,XMLFile,w4,oai.pl?verb,ListRecords&metadataPrefix,oai_dc[0m,
[0;34mHTTP/1.1,200,4.27:::secs:,4.27,243364:::bytes,Err:510,/OAI-XMLFile-2.21/XMLFile/w4/oai.pl?verb=ListRecords&metadataPrefix=oai_dc[0m,OAI-XMLFile-2.21,XMLFile,w4,oai.pl?verb,ListRecords&metadataPrefix,oai_dc[0m,
[0;34mHTTP/1.1,200,4.27:::secs:,4.27,243364:::bytes,Err:510,/OAI-XMLFile-2.21/XMLFile/w4/oai.pl?verb=ListRecords&metadataPrefix=oai_dc[0m,OAI-XMLFile-2.21,XMLFile,w4,oai.pl?verb,ListRecords&metadataPrefix,oai_dc[0m,
[0;34mHTTP/1.1,200,0.20:::secs:,0.2,7797:::bytes,Err:510,/OAI-XMLFile-2.21/XMLFile/w4/oai.pl?verb=ListIdentifiers&metadataPrefix=oai_dc[0m,OAI-XMLFile-2.21,XMLFile,w4,oai.pl?verb,ListIdentifiers&metadataPrefix,oai_dc[0m,
[0;34mHTTP/1.1,200,0.18:::secs:,0.18,7796:::bytes,Err:510,/OAI-XMLFile-2.21/XMLFile/w4/oai.pl?verb=ListIdentifiers&metadataPrefix=oai_dc[0m,OAI-XMLFile-2.21,XMLFile,w4,oai.pl?verb,ListIdentifiers&metadataPrefix,oai_dc[0m,
[0;34mHTTP/1.1,200,0.19:::secs:,0.19,7796:::bytes,Err:510,/OAI-XMLFile-2.21/XMLFile/w4/oai.pl?verb=ListIdentifiers&metadataPrefix=oai_dc[0m,OAI-XMLFile-2.21,XMLFile,w4,oai.pl?verb,ListIdentifiers&metadataPrefix,oai_dc[0m,
[0;34mHTTP/1.1,200,0.19:::secs:,0.19,7796:::bytes,Err:510,/OAI-XMLFile-2.21/XMLFile/w4/oai.pl?verb=ListIdentifiers&metadataPrefix=oai_dc[0m,OAI-XMLFile-2.21,XMLFile,w4,oai.pl?verb,ListIdentifiers&metadataPrefix,oai_dc[0m,
[0;34mHTTP/1.1,200,0.19:::secs:,0.19,7797:::bytes,Err:510,/OAI-XMLFile-2.21/XMLFile/w4/oai.pl?verb=ListIdentifiers&metadataPrefix=oai_dc[0m,OAI-XMLFile-2.21,XMLFile,w4,oai.pl?verb,ListIdentifiers&metadataPrefix,oai_dc[0m,
[0;34mHTTP/1.1,200,0.03:::secs:,0.03,2777:::bytes,Err:510,/OAI-XMLFile-2.21/XMLFile/w4/oai.pl?verb=ListSets[0m,OAI-XMLFile-2.21,XMLFile,w4,oai.pl?verb,ListSets[0m,,
[0;34mHTTP/1.1,200,0.02:::secs:,0.02,2777:::bytes,Err:510,/OAI-XMLFile-2.21/XMLFile/w4/oai.pl?verb=ListSets[0m,OAI-XMLFile-2.21,XMLFile,w4,oai.pl?verb,ListSets[0m,,
[0;34mHTTP/1.1,200,0.03:::secs:,0.03,2777:::bytes,Err:510,/OAI-XMLFile-2.21/XMLFile/w4/oai.pl?verb=ListSets[0m,OAI-XMLFile-2.21,XMLFile,w4,oai.pl?verb,ListSets[0m,,
[0;34mHTTP/1.1,200,0.02:::secs:,0.02,2777:::bytes,Err:510,/OAI-XMLFile-2.21/XMLFile/w4/oai.pl?verb=ListSets[0m,OAI-XMLFile-2.21,XMLFile,w4,oai.pl?verb,ListSets[0m,,
[0;34mHTTP/1.1,200,0.03:::secs:,0.03,2777:::bytes,Err:510,/OAI-XMLFile-2.21/XMLFile/w4/oai.pl?verb=ListSets[0m,OAI-XMLFile-2.21,XMLFile,w4,oai.pl?verb,ListSets[0m,,
[0;34mHTTP/1.1,200,0.03:::secs:,0.03,389:::bytes,Err:510,/OAI-XMLFile-2.21/XMLFile/w4/oai.pl?verb=GetRecord&metadataPrefix=oai_dc&identifier=oai-union.ndltd.org-TW--090NCTU0435042.metadata[0m,OAI-XMLFile-2.21,XMLFile,w4,oai.pl?verb,GetRecord&metadataPrefix,oai_dc&identifier,oai-union.ndltd.org-TW--090NCTU0435042.metadata[0m
[0;34mHTTP/1.1,200,0.03:::secs:,0.03,389:::bytes,Err:510,/OAI-XMLFile-2.21/XMLFile/w4/oai.pl?verb=GetRecord&metadataPrefix=oai_dc&identifier=oai-union.ndltd.org-TW--090NCTU0435042.metadata[0m,OAI-XMLFile-2.21,XMLFile,w4,oai.pl?verb,GetRecord&metadataPrefix,oai_dc&identifier,oai-union.ndltd.org-TW--090NCTU0435042.metadata[0m
[0;34mHTTP/1.1,200,0.02:::secs:,0.02,389:::bytes,Err:510,/OAI-XMLFile-2.21/XMLFile/w4/oai.pl?verb=GetRecord&metadataPrefix=oai_dc&identifier=oai-union.ndltd.org-TW--090NCTU0435042.metadata[0m,OAI-XMLFile-2.21,XMLFile,w4,oai.pl?verb,GetRecord&metadataPrefix,oai_dc&identifier,oai-union.ndltd.org-TW--090NCTU0435042.metadata[0m
[0;34mHTTP/1.1,200,0.02:::secs:,0.02,389:::bytes,Err:510,/OAI-XMLFile-2.21/XMLFile/w4/oai.pl?verb=GetRecord&metadataPrefix=oai_dc&identifier=oai-union.ndltd.org-TW--090NCTU0435042.metadata[0m,OAI-XMLFile-2.21,XMLFile,w4,oai.pl?verb,GetRecord&metadataPrefix,oai_dc&identifier,oai-union.ndltd.org-TW--090NCTU0435042.metadata[0m
[0;34mHTTP/1.1,200,0.03:::secs:,0.03,389:::bytes,Err:510,/OAI-XMLFile-2.21/XMLFile/w4/oai.pl?verb=GetRecord&metadataPrefix=oai_dc&identifier=oai-union.ndltd.org-TW--090NCTU0435042.metadata[0m,OAI-XMLFile-2.21,XMLFile,w4,oai.pl?verb,GetRecord&metadataPrefix,oai_dc&identifier,oai-union.ndltd.org-TW--090NCTU0435042.metadata[0m
[0;34mHTTP/1.1,200,0.02:::secs:,0.02,387:::bytes,Err:510,/OAI-XMLFile-2.21/XMLFile/w4/oai.pl?verb=GetRecord&metadataPrefix=oai_dc&identifier=oai-union.ndltd.org-TW--090NCTU0423012.metadata[0m,OAI-XMLFile-2.21,XMLFile,w4,oai.pl?verb,GetRecord&metadataPrefix,oai_dc&identifier,oai-union.ndltd.org-TW--090NCTU0423012.metadata[0m
[0;34mHTTP/1.1,200,0.03:::secs:,0.03,387:::bytes,Err:510,/OAI-XMLFile-2.21/XMLFile/w4/oai.pl?verb=GetRecord&metadataPrefix=oai_dc&identifier=oai-union.ndltd.org-TW--090NCTU0423012.metadata[0m,OAI-XMLFile-2.21,XMLFile,w4,oai.pl?verb,GetRecord&metadataPrefix,oai_dc&identifier,oai-union.ndltd.org-TW--090NCTU0423012.metadata[0m
[0;34mHTTP/1.1,200,0.02:::secs:,0.02,387:::bytes,Err:510,/OAI-XMLFile-2.21/XMLFile/w4/oai.pl?verb=GetRecord&metadataPrefix=oai_dc&identifier=oai-union.ndltd.org-TW--090NCTU0423012.metadata[0m,OAI-XMLFile-2.21,XMLFile,w4,oai.pl?verb,GetRecord&metadataPrefix,oai_dc&identifier,oai-union.ndltd.org-TW--090NCTU0423012.metadata[0m
[0;34mHTTP/1.1,200,0.03:::secs:,0.03,388:::bytes,Err:510,/OAI-XMLFile-2.21/XMLFile/w4/oai.pl?verb=GetRecord&metadataPrefix=oai_dc&identifier=oai-union.ndltd.org-TW--090NCTU0423012.metadata[0m,OAI-XMLFile-2.21,XMLFile,w4,oai.pl?verb,GetRecord&metadataPrefix,oai_dc&identifier,oai-union.ndltd.org-TW--090NCTU0423012.metadata[0m
[0;34mHTTP/1.1,200,0.03:::secs:,0.03,388:::bytes,Err:510,/OAI-XMLFile-2.21/XMLFile/w4/oai.pl?verb=GetRecord&metadataPrefix=oai_dc&identifier=oai-union.ndltd.org-TW--090NCTU0423012.metadata[0m,OAI-XMLFile-2.21,XMLFile,w4,oai.pl?verb,GetRecord&metadataPrefix,oai_dc&identifier,oai-union.ndltd.org-TW--090NCTU0423012.metadata[0m
[0;34mHTTP/1.1,200,7.95:::secs:,7.95,182164:::bytes,Err:510,/OAI-XMLFile-2.21/XMLFile/w5/oai.pl?verb=ListRecords&metadataPrefix=oai_dc[0m,OAI-XMLFile-2.21,XMLFile,w5,oai.pl?verb,ListRecords&metadataPrefix,oai_dc[0m,
[0;34mHTTP/1.1,200,5.47:::secs:,5.47,182164:::bytes,Err:510,/OAI-XMLFile-2.21/XMLFile/w5/oai.pl?verb=ListRecords&metadataPrefix=oai_dc[0m,OAI-XMLFile-2.21,XMLFile,w5,oai.pl?verb,ListRecords&metadataPrefix,oai_dc[0m,
[0;34mHTTP/1.1,200,5.51:::secs:,5.51,182162:::bytes,Err:510,/OAI-XMLFile-2.21/XMLFile/w5/oai.pl?verb=ListRecords&metadataPrefix=oai_dc[0m,OAI-XMLFile-2.21,XMLFile,w5,oai.pl?verb,ListRecords&metadataPrefix,oai_dc[0m,
[0;34mHTTP/1.1,200,5.51:::secs:,5.51,182164:::bytes,Err:510,/OAI-XMLFile-2.21/XMLFile/w5/oai.pl?verb=ListRecords&metadataPrefix=oai_dc[0m,OAI-XMLFile-2.21,XMLFile,w5,oai.pl?verb,ListRecords&metadataPrefix,oai_dc[0m,
[0;34mHTTP/1.1,200,5.56:::secs:,5.56,182164:::bytes,Err:510,/OAI-XMLFile-2.21/XMLFile/w5/oai.pl?verb=ListRecords&metadataPrefix=oai_dc[0m,OAI-XMLFile-2.21,XMLFile,w5,oai.pl?verb,ListRecords&metadataPrefix,oai_dc[0m,
[0;34mHTTP/1.1,200,0.41:::secs:,0.41,8417:::bytes,Err:510,/OAI-XMLFile-2.21/XMLFile/w5/oai.pl?verb=ListIdentifiers&metadataPrefix=oai_dc[0m,OAI-XMLFile-2.21,XMLFile,w5,oai.pl?verb,ListIdentifiers&metadataPrefix,oai_dc[0m,
[0;34mHTTP/1.1,200,0.42:::secs:,0.42,8417:::bytes,Err:510,/OAI-XMLFile-2.21/XMLFile/w5/oai.pl?verb=ListIdentifiers&metadataPrefix=oai_dc[0m,OAI-XMLFile-2.21,XMLFile,w5,oai.pl?verb,ListIdentifiers&metadataPrefix,oai_dc[0m,
[0;34mHTTP/1.1,200,0.42:::secs:,0.42,8417:::bytes,Err:510,/OAI-XMLFile-2.21/XMLFile/w5/oai.pl?verb=ListIdentifiers&metadataPrefix=oai_dc[0m,OAI-XMLFile-2.21,XMLFile,w5,oai.pl?verb,ListIdentifiers&metadataPrefix,oai_dc[0m,
[0;34mHTTP/1.1,200,0.42:::secs:,0.42,8417:::bytes,Err:510,/OAI-XMLFile-2.21/XMLFile/w5/oai.pl?verb=ListIdentifiers&metadataPrefix=oai_dc[0m,OAI-XMLFile-2.21,XMLFile,w5,oai.pl?verb,ListIdentifiers&metadataPrefix,oai_dc[0m,
[0;34mHTTP/1.1,200,0.42:::secs:,0.42,8417:::bytes,Err:510,/OAI-XMLFile-2.21/XMLFile/w5/oai.pl?verb=ListIdentifiers&metadataPrefix=oai_dc[0m,OAI-XMLFile-2.21,XMLFile,w5,oai.pl?verb,ListIdentifiers&metadataPrefix,oai_dc[0m,
[0;34mHTTP/1.1,200,0.04:::secs:,0.04,4064:::bytes,Err:510,/OAI-XMLFile-2.21/XMLFile/w5/oai.pl?verb=ListSets[0m,OAI-XMLFile-2.21,XMLFile,w5,oai.pl?verb,ListSets[0m,,
[0;34mHTTP/1.1,200,0.04:::secs:,0.04,4064:::bytes,Err:510,/OAI-XMLFile-2.21/XMLFile/w5/oai.pl?verb=ListSets[0m,OAI-XMLFile-2.21,XMLFile,w5,oai.pl?verb,ListSets[0m,,
[0;34mHTTP/1.1,200,0.04:::secs:,0.04,4064:::bytes,Err:510,/OAI-XMLFile-2.21/XMLFile/w5/oai.pl?verb=ListSets[0m,OAI-XMLFile-2.21,XMLFile,w5,oai.pl?verb,ListSets[0m,,
[0;34mHTTP/1.1,200,0.03:::secs:,0.03,4064:::bytes,Err:510,/OAI-XMLFile-2.21/XMLFile/w5/oai.pl?verb=ListSets[0m,OAI-XMLFile-2.21,XMLFile,w5,oai.pl?verb,ListSets[0m,,
[0;34mHTTP/1.1,200,0.04:::secs:,0.04,4063:::bytes,Err:510,/OAI-XMLFile-2.21/XMLFile/w5/oai.pl?verb=ListSets[0m,OAI-XMLFile-2.21,XMLFile,w5,oai.pl?verb,ListSets[0m,,
[0;34mHTTP/1.1,200,0.04:::secs:,0.04,388:::bytes,Err:510,/OAI-XMLFile-2.21/XMLFile/w5/oai.pl?verb=GetRecord&metadataPrefix=oai_dc&identifier=oai-union.ndltd.org-TW--090NCTU0435090.metadata[0m,OAI-XMLFile-2.21,XMLFile,w5,oai.pl?verb,GetRecord&metadataPrefix,oai_dc&identifier,oai-union.ndltd.org-TW--090NCTU0435090.metadata[0m
[0;34mHTTP/1.1,200,0.05:::secs:,0.05,388:::bytes,Err:510,/OAI-XMLFile-2.21/XMLFile/w5/oai.pl?verb=GetRecord&metadataPrefix=oai_dc&identifier=oai-union.ndltd.org-TW--090NCTU0435090.metadata[0m,OAI-XMLFile-2.21,XMLFile,w5,oai.pl?verb,GetRecord&metadataPrefix,oai_dc&identifier,oai-union.ndltd.org-TW--090NCTU0435090.metadata[0m
[0;34mHTTP/1.1,200,0.04:::secs:,0.04,388:::bytes,Err:510,/OAI-XMLFile-2.21/XMLFile/w5/oai.pl?verb=GetRecord&metadataPrefix=oai_dc&identifier=oai-union.ndltd.org-TW--090NCTU0435090.metadata[0m,OAI-XMLFile-2.21,XMLFile,w5,oai.pl?verb,GetRecord&metadataPrefix,oai_dc&identifier,oai-union.ndltd.org-TW--090NCTU0435090.metadata[0m
[0;34mHTTP/1.1,200,0.04:::secs:,0.04,388:::bytes,Err:510,/OAI-XMLFile-2.21/XMLFile/w5/oai.pl?verb=GetRecord&metadataPrefix=oai_dc&identifier=oai-union.ndltd.org-TW--090NCTU0435090.metadata[0m,OAI-XMLFile-2.21,XMLFile,w5,oai.pl?verb,GetRecord&metadataPrefix,oai_dc&identifier,oai-union.ndltd.org-TW--090NCTU0435090.metadata[0m
[0;34mHTTP/1.1,200,0.04:::secs:,0.04,389:::bytes,Err:510,/OAI-XMLFile-2.21/XMLFile/w5/oai.pl?verb=GetRecord&metadataPrefix=oai_dc&identifier=oai-union.ndltd.org-TW--090NCTU0435090.metadata[0m,OAI-XMLFile-2.21,XMLFile,w5,oai.pl?verb,GetRecord&metadataPrefix,oai_dc&identifier,oai-union.ndltd.org-TW--090NCTU0435090.metadata[0m
[0;34mHTTP/1.1,200,0.04:::secs:,0.04,388:::bytes,Err:510,/OAI-XMLFile-2.21/XMLFile/w5/oai.pl?verb=GetRecord&metadataPrefix=oai_dc&identifier=oai-union.ndltd.org-TW--090NCTU0423012.metadata[0m,OAI-XMLFile-2.21,XMLFile,w5,oai.pl?verb,GetRecord&metadataPrefix,oai_dc&identifier,oai-union.ndltd.org-TW--090NCTU0423012.metadata[0m
[0;34mHTTP/1.1,200,0.04:::secs:,0.04,388:::bytes,Err:510,/OAI-XMLFile-2.21/XMLFile/w5/oai.pl?verb=GetRecord&metadataPrefix=oai_dc&identifier=oai-union.ndltd.org-TW--090NCTU0423012.metadata[0m,OAI-XMLFile-2.21,XMLFile,w5,oai.pl?verb,GetRecord&metadataPrefix,oai_dc&identifier,oai-union.ndltd.org-TW--090NCTU0423012.metadata[0m
[0;34mHTTP/1.1,200,0.04:::secs:,0.04,387:::bytes,Err:510,/OAI-XMLFile-2.21/XMLFile/w5/oai.pl?verb=GetRecord&metadataPrefix=oai_dc&identifier=oai-union.ndltd.org-TW--090NCTU0423012.metadata[0m,OAI-XMLFile-2.21,XMLFile,w5,oai.pl?verb,GetRecord&metadataPrefix,oai_dc&identifier,oai-union.ndltd.org-TW--090NCTU0423012.metadata[0m
[0;34mHTTP/1.1,200,0.04:::secs:,0.04,390:::bytes,Err:510,/OAI-XMLFile-2.21/XMLFile/w5/oai.pl?verb=GetRecord&metadataPrefix=oai_dc&identifier=oai-union.ndltd.org-TW--090NCTU0423012.metadata[0m,OAI-XMLFile-2.21,XMLFile,w5,oai.pl?verb,GetRecord&metadataPrefix,oai_dc&identifier,oai-union.ndltd.org-TW--090NCTU0423012.metadata[0m
[0;34mHTTP/1.1,200,0.04:::secs:,0.04,388:::bytes,Err:510,/OAI-XMLFile-2.21/XMLFile/w5/oai.pl?verb=GetRecord&metadataPrefix=oai_dc&identifier=oai-union.ndltd.org-TW--090NCTU0423012.metadata[0m,OAI-XMLFile-2.21,XMLFile,w5,oai.pl?verb,GetRecord&metadataPrefix,oai_dc&identifier,oai-union.ndltd.org-TW--090NCTU0423012.metadata[0m
[0;34mHTTP/1.1,200,9.34:::secs:,9.34,237084:::bytes,Err:510,/OAI-XMLFile-2.21/XMLFile/w6/oai.pl?verb=ListRecords&metadataPrefix=oai_dc[0m,OAI-XMLFile-2.21,XMLFile,w6,oai.pl?verb,ListRecords&metadataPrefix,oai_dc[0m,
[0;34mHTTP/1.1,200,5.99:::secs:,5.99,237084:::bytes,Err:510,/OAI-XMLFile-2.21/XMLFile/w6/oai.pl?verb=ListRecords&metadataPrefix=oai_dc[0m,OAI-XMLFile-2.21,XMLFile,w6,oai.pl?verb,ListRecords&metadataPrefix,oai_dc[0m,
[0;34mHTTP/1.1,200,5.97:::secs:,5.97,237083:::bytes,Err:510,/OAI-XMLFile-2.21/XMLFile/w6/oai.pl?verb=ListRecords&metadataPrefix=oai_dc[0m,OAI-XMLFile-2.21,XMLFile,w6,oai.pl?verb,ListRecords&metadataPrefix,oai_dc[0m,
[0;34mHTTP/1.1,200,5.99:::secs:,5.99,237084:::bytes,Err:510,/OAI-XMLFile-2.21/XMLFile/w6/oai.pl?verb=ListRecords&metadataPrefix=oai_dc[0m,OAI-XMLFile-2.21,XMLFile,w6,oai.pl?verb,ListRecords&metadataPrefix,oai_dc[0m,
[0;34mHTTP/1.1,200,5.99:::secs:,5.99,237084:::bytes,Err:510,/OAI-XMLFile-2.21/XMLFile/w6/oai.pl?verb=ListRecords&metadataPrefix=oai_dc[0m,OAI-XMLFile-2.21,XMLFile,w6,oai.pl?verb,ListRecords&metadataPrefix,oai_dc[0m,
[0;34mHTTP/1.1,200,0.80:::secs:,0.8,8382:::bytes,Err:510,/OAI-XMLFile-2.21/XMLFile/w6/oai.pl?verb=ListIdentifiers&metadataPrefix=oai_dc[0m,OAI-XMLFile-2.21,XMLFile,w6,oai.pl?verb,ListIdentifiers&metadataPrefix,oai_dc[0m,
[0;34mHTTP/1.1,200,0.80:::secs:,0.8,8380:::bytes,Err:510,/OAI-XMLFile-2.21/XMLFile/w6/oai.pl?verb=ListIdentifiers&metadataPrefix=oai_dc[0m,OAI-XMLFile-2.21,XMLFile,w6,oai.pl?verb,ListIdentifiers&metadataPrefix,oai_dc[0m,
[0;34mHTTP/1.1,200,0.80:::secs:,0.8,8380:::bytes,Err:510,/OAI-XMLFile-2.21/XMLFile/w6/oai.pl?verb=ListIdentifiers&metadataPrefix=oai_dc[0m,OAI-XMLFile-2.21,XMLFile,w6,oai.pl?verb,ListIdentifiers&metadataPrefix,oai_dc[0m,
[0;34mHTTP/1.1,200,0.81:::secs:,0.81,8380:::bytes,Err:510,/OAI-XMLFile-2.21/XMLFile/w6/oai.pl?verb=ListIdentifiers&metadataPrefix=oai_dc[0m,OAI-XMLFile-2.21,XMLFile,w6,oai.pl?verb,ListIdentifiers&metadataPrefix,oai_dc[0m,
[0;34mHTTP/1.1,200,0.81:::secs:,0.81,8380:::bytes,Err:510,/OAI-XMLFile-2.21/XMLFile/w6/oai.pl?verb=ListIdentifiers&metadataPrefix=oai_dc[0m,OAI-XMLFile-2.21,XMLFile,w6,oai.pl?verb,ListIdentifiers&metadataPrefix,oai_dc[0m,
[0;34mHTTP/1.1,200,0.06:::secs:,0.06,5272:::bytes,Err:510,/OAI-XMLFile-2.21/XMLFile/w6/oai.pl?verb=ListSets[0m,OAI-XMLFile-2.21,XMLFile,w6,oai.pl?verb,ListSets[0m,,
[0;34mHTTP/1.1,200,0.05:::secs:,0.05,5272:::bytes,Err:510,/OAI-XMLFile-2.21/XMLFile/w6/oai.pl?verb=ListSets[0m,OAI-XMLFile-2.21,XMLFile,w6,oai.pl?verb,ListSets[0m,,
[0;34mHTTP/1.1,200,0.06:::secs:,0.06,5272:::bytes,Err:510,/OAI-XMLFile-2.21/XMLFile/w6/oai.pl?verb=ListSets[0m,OAI-XMLFile-2.21,XMLFile,w6,oai.pl?verb,ListSets[0m,,
[0;34mHTTP/1.1,200,0.04:::secs:,0.04,5272:::bytes,Err:510,/OAI-XMLFile-2.21/XMLFile/w6/oai.pl?verb=ListSets[0m,OAI-XMLFile-2.21,XMLFile,w6,oai.pl?verb,ListSets[0m,,
[0;34mHTTP/1.1,200,0.06:::secs:,0.06,5272:::bytes,Err:510,/OAI-XMLFile-2.21/XMLFile/w6/oai.pl?verb=ListSets[0m,OAI-XMLFile-2.21,XMLFile,w6,oai.pl?verb,ListSets[0m,,
[0;34mHTTP/1.1,200,0.07:::secs:,0.07,390:::bytes,Err:510,/OAI-XMLFile-2.21/XMLFile/w6/oai.pl?verb=GetRecord&metadataPrefix=oai_dc&identifier=oai-union.ndltd.org-TW--090NCTU0435090.metadata[0m,OAI-XMLFile-2.21,XMLFile,w6,oai.pl?verb,GetRecord&metadataPrefix,oai_dc&identifier,oai-union.ndltd.org-TW--090NCTU0435090.metadata[0m
[0;34mHTTP/1.1,200,0.06:::secs:,0.06,390:::bytes,Err:510,/OAI-XMLFile-2.21/XMLFile/w6/oai.pl?verb=GetRecord&metadataPrefix=oai_dc&identifier=oai-union.ndltd.org-TW--090NCTU0435090.metadata[0m,OAI-XMLFile-2.21,XMLFile,w6,oai.pl?verb,GetRecord&metadataPrefix,oai_dc&identifier,oai-union.ndltd.org-TW--090NCTU0435090.metadata[0m
[0;34mHTTP/1.1,200,0.07:::secs:,0.07,388:::bytes,Err:510,/OAI-XMLFile-2.21/XMLFile/w6/oai.pl?verb=GetRecord&metadataPrefix=oai_dc&identifier=oai-union.ndltd.org-TW--090NCTU0435090.metadata[0m,OAI-XMLFile-2.21,XMLFile,w6,oai.pl?verb,GetRecord&metadataPrefix,oai_dc&identifier,oai-union.ndltd.org-TW--090NCTU0435090.metadata[0m
[0;34mHTTP/1.1,200,0.07:::secs:,0.07,388:::bytes,Err:510,/OAI-XMLFile-2.21/XMLFile/w6/oai.pl?verb=GetRecord&metadataPrefix=oai_dc&identifier=oai-union.ndltd.org-TW--090NCTU0435090.metadata[0m,OAI-XMLFile-2.21,XMLFile,w6,oai.pl?verb,GetRecord&metadataPrefix,oai_dc&identifier,oai-union.ndltd.org-TW--090NCTU0435090.metadata[0m
[0;34mHTTP/1.1,200,0.06:::secs:,0.06,390:::bytes,Err:510,/OAI-XMLFile-2.21/XMLFile/w6/oai.pl?verb=GetRecord&metadataPrefix=oai_dc&identifier=oai-union.ndltd.org-TW--090NCTU0435090.metadata[0m,OAI-XMLFile-2.21,XMLFile,w6,oai.pl?verb,GetRecord&metadataPrefix,oai_dc&identifier,oai-union.ndltd.org-TW--090NCTU0435090.metadata[0m
[0;34mHTTP/1.1,200,0.06:::secs:,0.06,384:::bytes,Err:510,/OAI-XMLFile-2.21/XMLFile/w6/oai.pl?verb=GetRecord&metadataPrefix=oai_dc&identifier=oai-union.ndltd.org-TW--100ISU00731008.metadata[0m,OAI-XMLFile-2.21,XMLFile,w6,oai.pl?verb,GetRecord&metadataPrefix,oai_dc&identifier,oai-union.ndltd.org-TW--100ISU00731008.metadata[0m
[0;34mHTTP/1.1,200,0.07:::secs:,0.07,384:::bytes,Err:510,/OAI-XMLFile-2.21/XMLFile/w6/oai.pl?verb=GetRecord&metadataPrefix=oai_dc&identifier=oai-union.ndltd.org-TW--100ISU00731008.metadata[0m,OAI-XMLFile-2.21,XMLFile,w6,oai.pl?verb,GetRecord&metadataPrefix,oai_dc&identifier,oai-union.ndltd.org-TW--100ISU00731008.metadata[0m
[0;34mHTTP/1.1,200,0.06:::secs:,0.06,387:::bytes,Err:510,/OAI-XMLFile-2.21/XMLFile/w6/oai.pl?verb=GetRecord&metadataPrefix=oai_dc&identifier=oai-union.ndltd.org-TW--100ISU00731008.metadata[0m,OAI-XMLFile-2.21,XMLFile,w6,oai.pl?verb,GetRecord&metadataPrefix,oai_dc&identifier,oai-union.ndltd.org-TW--100ISU00731008.metadata[0m
[0;34mHTTP/1.1,200,0.07:::secs:,0.07,384:::bytes,Err:510,/OAI-XMLFile-2.21/XMLFile/w6/oai.pl?verb=GetRecord&metadataPrefix=oai_dc&identifier=oai-union.ndltd.org-TW--100ISU00731008.metadata[0m,OAI-XMLFile-2.21,XMLFile,w6,oai.pl?verb,GetRecord&metadataPrefix,oai_dc&identifier,oai-union.ndltd.org-TW--100ISU00731008.metadata[0m
[0;34mHTTP/1.1,200,0.06:::secs:,0.06,384:::bytes,Err:510,/OAI-XMLFile-2.21/XMLFile/w6/oai.pl?verb=GetRecord&metadataPrefix=oai_dc&identifier=oai-union.ndltd.org-TW--100ISU00731008.metadata[0m,OAI-XMLFile-2.21,XMLFile,w6,oai.pl?verb,GetRecord&metadataPrefix,oai_dc&identifier,oai-union.ndltd.org-TW--100ISU00731008.metadata[0m
[0;34mHTTP/1.1,200,10.64:::secs:,10.64,320080:::bytes,Err:510,/OAI-XMLFile-2.21/XMLFile/w7/oai.pl?verb=ListRecords&metadataPrefix=oai_dc[0m,OAI-XMLFile-2.21,XMLFile,w7,oai.pl?verb,ListRecords&metadataPrefix,oai_dc[0m,
[0;34mHTTP/1.1,200,6.80:::secs:,6.8,320080:::bytes,Err:510,/OAI-XMLFile-2.21/XMLFile/w7/oai.pl?verb=ListRecords&metadataPrefix=oai_dc[0m,OAI-XMLFile-2.21,XMLFile,w7,oai.pl?verb,ListRecords&metadataPrefix,oai_dc[0m,
[0;34mHTTP/1.1,200,6.81:::secs:,6.81,320080:::bytes,Err:510,/OAI-XMLFile-2.21/XMLFile/w7/oai.pl?verb=ListRecords&metadataPrefix=oai_dc[0m,OAI-XMLFile-2.21,XMLFile,w7,oai.pl?verb,ListRecords&metadataPrefix,oai_dc[0m,
[0;34mHTTP/1.1,200,6.78:::secs:,6.78,320080:::bytes,Err:510,/OAI-XMLFile-2.21/XMLFile/w7/oai.pl?verb=ListRecords&metadataPrefix=oai_dc[0m,OAI-XMLFile-2.21,XMLFile,w7,oai.pl?verb,ListRecords&metadataPrefix,oai_dc[0m,
[0;34mHTTP/1.1,200,6.82:::secs:,6.82,320080:::bytes,Err:510,/OAI-XMLFile-2.21/XMLFile/w7/oai.pl?verb=ListRecords&metadataPrefix=oai_dc[0m,OAI-XMLFile-2.21,XMLFile,w7,oai.pl?verb,ListRecords&metadataPrefix,oai_dc[0m,
[0;34mHTTP/1.1,200,1.57:::secs:,1.57,8417:::bytes,Err:510,/OAI-XMLFile-2.21/XMLFile/w7/oai.pl?verb=ListIdentifiers&metadataPrefix=oai_dc[0m,OAI-XMLFile-2.21,XMLFile,w7,oai.pl?verb,ListIdentifiers&metadataPrefix,oai_dc[0m,
[0;34mHTTP/1.1,200,1.59:::secs:,1.59,8417:::bytes,Err:510,/OAI-XMLFile-2.21/XMLFile/w7/oai.pl?verb=ListIdentifiers&metadataPrefix=oai_dc[0m,OAI-XMLFile-2.21,XMLFile,w7,oai.pl?verb,ListIdentifiers&metadataPrefix,oai_dc[0m,
[0;34mHTTP/1.1,200,1.59:::secs:,1.59,8417:::bytes,Err:510,/OAI-XMLFile-2.21/XMLFile/w7/oai.pl?verb=ListIdentifiers&metadataPrefix=oai_dc[0m,OAI-XMLFile-2.21,XMLFile,w7,oai.pl?verb,ListIdentifiers&metadataPrefix,oai_dc[0m,
[0;34mHTTP/1.1,200,1.58:::secs:,1.58,8417:::bytes,Err:510,/OAI-XMLFile-2.21/XMLFile/w7/oai.pl?verb=ListIdentifiers&metadataPrefix=oai_dc[0m,OAI-XMLFile-2.21,XMLFile,w7,oai.pl?verb,ListIdentifiers&metadataPrefix,oai_dc[0m,
[0;34mHTTP/1.1,200,1.59:::secs:,1.59,8417:::bytes,Err:510,/OAI-XMLFile-2.21/XMLFile/w7/oai.pl?verb=ListIdentifiers&metadataPrefix=oai_dc[0m,OAI-XMLFile-2.21,XMLFile,w7,oai.pl?verb,ListIdentifiers&metadataPrefix,oai_dc[0m,
[0;34mHTTP/1.1,200,0.08:::secs:,0.08,7137:::bytes,Err:510,/OAI-XMLFile-2.21/XMLFile/w7/oai.pl?verb=ListSets[0m,OAI-XMLFile-2.21,XMLFile,w7,oai.pl?verb,ListSets[0m,,
[0;34mHTTP/1.1,200,0.08:::secs:,0.08,7138:::bytes,Err:510,/OAI-XMLFile-2.21/XMLFile/w7/oai.pl?verb=ListSets[0m,OAI-XMLFile-2.21,XMLFile,w7,oai.pl?verb,ListSets[0m,,
[0;34mHTTP/1.1,200,0.08:::secs:,0.08,7138:::bytes,Err:510,/OAI-XMLFile-2.21/XMLFile/w7/oai.pl?verb=ListSets[0m,OAI-XMLFile-2.21,XMLFile,w7,oai.pl?verb,ListSets[0m,,
[0;34mHTTP/1.1,200,0.08:::secs:,0.08,7138:::bytes,Err:510,/OAI-XMLFile-2.21/XMLFile/w7/oai.pl?verb=ListSets[0m,OAI-XMLFile-2.21,XMLFile,w7,oai.pl?verb,ListSets[0m,,
[0;34mHTTP/1.1,200,0.08:::secs:,0.08,7138:::bytes,Err:510,/OAI-XMLFile-2.21/XMLFile/w7/oai.pl?verb=ListSets[0m,OAI-XMLFile-2.21,XMLFile,w7,oai.pl?verb,ListSets[0m,,
[0;34mHTTP/1.1,200,0.11:::secs:,0.11,408:::bytes,Err:510,/OAI-XMLFile-2.21/XMLFile/w7/oai.pl?verb=GetRecord&metadataPrefix=oai_dc&identifier=oai-union.ndltd.org-UMASS--oai-scholarworks.umass.edu-dissertations-4743.metadata[0m,OAI-XMLFile-2.21,XMLFile,w7,oai.pl?verb,GetRecord&metadataPrefix,oai_dc&identifier,oai-union.ndltd.org-UMASS--oai-scholarworks.umass.edu-dissertations-4743.metadata[0m
[0;34mHTTP/1.1,200,0.12:::secs:,0.12,408:::bytes,Err:510,/OAI-XMLFile-2.21/XMLFile/w7/oai.pl?verb=GetRecord&metadataPrefix=oai_dc&identifier=oai-union.ndltd.org-UMASS--oai-scholarworks.umass.edu-dissertations-4743.metadata[0m,OAI-XMLFile-2.21,XMLFile,w7,oai.pl?verb,GetRecord&metadataPrefix,oai_dc&identifier,oai-union.ndltd.org-UMASS--oai-scholarworks.umass.edu-dissertations-4743.metadata[0m
[0;34mHTTP/1.1,200,0.10:::secs:,0.1,408:::bytes,Err:510,/OAI-XMLFile-2.21/XMLFile/w7/oai.pl?verb=GetRecord&metadataPrefix=oai_dc&identifier=oai-union.ndltd.org-UMASS--oai-scholarworks.umass.edu-dissertations-4743.metadata[0m,OAI-XMLFile-2.21,XMLFile,w7,oai.pl?verb,GetRecord&metadataPrefix,oai_dc&identifier,oai-union.ndltd.org-UMASS--oai-scholarworks.umass.edu-dissertations-4743.metadata[0m
[0;34mHTTP/1.1,200,0.10:::secs:,0.1,408:::bytes,Err:510,/OAI-XMLFile-2.21/XMLFile/w7/oai.pl?verb=GetRecord&metadataPrefix=oai_dc&identifier=oai-union.ndltd.org-UMASS--oai-scholarworks.umass.edu-dissertations-4743.metadata[0m,OAI-XMLFile-2.21,XMLFile,w7,oai.pl?verb,GetRecord&metadataPrefix,oai_dc&identifier,oai-union.ndltd.org-UMASS--oai-scholarworks.umass.edu-dissertations-4743.metadata[0m
[0;34mHTTP/1.1,200,0.10:::secs:,0.1,408:::bytes,Err:510,/OAI-XMLFile-2.21/XMLFile/w7/oai.pl?verb=GetRecord&metadataPrefix=oai_dc&identifier=oai-union.ndltd.org-UMASS--oai-scholarworks.umass.edu-dissertations-4743.metadata[0m,OAI-XMLFile-2.21,XMLFile,w7,oai.pl?verb,GetRecord&metadataPrefix,oai_dc&identifier,oai-union.ndltd.org-UMASS--oai-scholarworks.umass.edu-dissertations-4743.metadata[0m
[0;34mHTTP/1.1,200,0.11:::secs:,0.11,389:::bytes,Err:510,/OAI-XMLFile-2.21/XMLFile/w7/oai.pl?verb=GetRecord&metadataPrefix=oai_dc&identifier=oai-union.ndltd.org-TW--100ISU00731008.metadata[0m,OAI-XMLFile-2.21,XMLFile,w7,oai.pl?verb,GetRecord&metadataPrefix,oai_dc&identifier,oai-union.ndltd.org-TW--100ISU00731008.metadata[0m
[0;34mHTTP/1.1,200,0.11:::secs:,0.11,387:::bytes,Err:510,/OAI-XMLFile-2.21/XMLFile/w7/oai.pl?verb=GetRecord&metadataPrefix=oai_dc&identifier=oai-union.ndltd.org-TW--100ISU00731008.metadata[0m,OAI-XMLFile-2.21,XMLFile,w7,oai.pl?verb,GetRecord&metadataPrefix,oai_dc&identifier,oai-union.ndltd.org-TW--100ISU00731008.metadata[0m
[0;34mHTTP/1.1,200,0.11:::secs:,0.11,384:::bytes,Err:510,/OAI-XMLFile-2.21/XMLFile/w7/oai.pl?verb=GetRecord&metadataPrefix=oai_dc&identifier=oai-union.ndltd.org-TW--100ISU00731008.metadata[0m,OAI-XMLFile-2.21,XMLFile,w7,oai.pl?verb,GetRecord&metadataPrefix,oai_dc&identifier,oai-union.ndltd.org-TW--100ISU00731008.metadata[0m
[0;34mHTTP/1.1,200,0.11:::secs:,0.11,384:::bytes,Err:510,/OAI-XMLFile-2.21/XMLFile/w7/oai.pl?verb=GetRecord&metadataPrefix=oai_dc&identifier=oai-union.ndltd.org-TW--100ISU00731008.metadata[0m,OAI-XMLFile-2.21,XMLFile,w7,oai.pl?verb,GetRecord&metadataPrefix,oai_dc&identifier,oai-union.ndltd.org-TW--100ISU00731008.metadata[0m
[0;34mHTTP/1.1,200,0.10:::secs:,0.1,384:::bytes,Err:510,/OAI-XMLFile-2.21/XMLFile/w7/oai.pl?verb=GetRecord&metadataPrefix=oai_dc&identifier=oai-union.ndltd.org-TW--100ISU00731008.metadata[0m,OAI-XMLFile-2.21,XMLFile,w7,oai.pl?verb,GetRecord&metadataPrefix,oai_dc&identifier,oai-union.ndltd.org-TW--100ISU00731008.metadata[0m
[0;34mHTTP/1.1,200,12.03:::secs:,12.03,470637:::bytes,Err:510,/OAI-XMLFile-2.21/XMLFile/w8/oai.pl?verb=ListRecords&metadataPrefix=oai_dc[0m,OAI-XMLFile-2.21,XMLFile,w8,oai.pl?verb,ListRecords&metadataPrefix,oai_dc[0m,
[0;34mHTTP/1.1,200,8.49:::secs:,8.49,470636:::bytes,Err:510,/OAI-XMLFile-2.21/XMLFile/w8/oai.pl?verb=ListRecords&metadataPrefix=oai_dc[0m,OAI-XMLFile-2.21,XMLFile,w8,oai.pl?verb,ListRecords&metadataPrefix,oai_dc[0m,
[0;34mHTTP/1.1,200,8.59:::secs:,8.59,470637:::bytes,Err:510,/OAI-XMLFile-2.21/XMLFile/w8/oai.pl?verb=ListRecords&metadataPrefix=oai_dc[0m,OAI-XMLFile-2.21,XMLFile,w8,oai.pl?verb,ListRecords&metadataPrefix,oai_dc[0m,
[0;34mHTTP/1.1,200,8.62:::secs:,8.62,470637:::bytes,Err:510,/OAI-XMLFile-2.21/XMLFile/w8/oai.pl?verb=ListRecords&metadataPrefix=oai_dc[0m,OAI-XMLFile-2.21,XMLFile,w8,oai.pl?verb,ListRecords&metadataPrefix,oai_dc[0m,
[0;34mHTTP/1.1,200,8.65:::secs:,8.65,470638:::bytes,Err:510,/OAI-XMLFile-2.21/XMLFile/w8/oai.pl?verb=ListRecords&metadataPrefix=oai_dc[0m,OAI-XMLFile-2.21,XMLFile,w8,oai.pl?verb,ListRecords&metadataPrefix,oai_dc[0m,
[0;34mHTTP/1.1,200,3.16:::secs:,3.16,8283:::bytes,Err:510,/OAI-XMLFile-2.21/XMLFile/w8/oai.pl?verb=ListIdentifiers&metadataPrefix=oai_dc[0m,OAI-XMLFile-2.21,XMLFile,w8,oai.pl?verb,ListIdentifiers&metadataPrefix,oai_dc[0m,
[0;34mHTTP/1.1,200,3.21:::secs:,3.21,8284:::bytes,Err:510,/OAI-XMLFile-2.21/XMLFile/w8/oai.pl?verb=ListIdentifiers&metadataPrefix=oai_dc[0m,OAI-XMLFile-2.21,XMLFile,w8,oai.pl?verb,ListIdentifiers&metadataPrefix,oai_dc[0m,
[0;34mHTTP/1.1,200,3.18:::secs:,3.18,8284:::bytes,Err:510,/OAI-XMLFile-2.21/XMLFile/w8/oai.pl?verb=ListIdentifiers&metadataPrefix=oai_dc[0m,OAI-XMLFile-2.21,XMLFile,w8,oai.pl?verb,ListIdentifiers&metadataPrefix,oai_dc[0m,
[0;34mHTTP/1.1,200,3.24:::secs:,3.24,8284:::bytes,Err:510,/OAI-XMLFile-2.21/XMLFile/w8/oai.pl?verb=ListIdentifiers&metadataPrefix=oai_dc[0m,OAI-XMLFile-2.21,XMLFile,w8,oai.pl?verb,ListIdentifiers&metadataPrefix,oai_dc[0m,
[0;34mHTTP/1.1,200,3.19:::secs:,3.19,8284:::bytes,Err:510,/OAI-XMLFile-2.21/XMLFile/w8/oai.pl?verb=ListIdentifiers&metadataPrefix=oai_dc[0m,OAI-XMLFile-2.21,XMLFile,w8,oai.pl?verb,ListIdentifiers&metadataPrefix,oai_dc[0m,
[0;34mHTTP/1.1,200,0.13:::secs:,0.13,9639:::bytes,Err:510,/OAI-XMLFile-2.21/XMLFile/w8/oai.pl?verb=ListSets[0m,OAI-XMLFile-2.21,XMLFile,w8,oai.pl?verb,ListSets[0m,,
[0;34mHTTP/1.1,200,0.12:::secs:,0.12,9640:::bytes,Err:510,/OAI-XMLFile-2.21/XMLFile/w8/oai.pl?verb=ListSets[0m,OAI-XMLFile-2.21,XMLFile,w8,oai.pl?verb,ListSets[0m,,
[0;34mHTTP/1.1,200,0.12:::secs:,0.12,9640:::bytes,Err:510,/OAI-XMLFile-2.21/XMLFile/w8/oai.pl?verb=ListSets[0m,OAI-XMLFile-2.21,XMLFile,w8,oai.pl?verb,ListSets[0m,,
[0;34mHTTP/1.1,200,0.13:::secs:,0.13,9640:::bytes,Err:510,/OAI-XMLFile-2.21/XMLFile/w8/oai.pl?verb=ListSets[0m,OAI-XMLFile-2.21,XMLFile,w8,oai.pl?verb,ListSets[0m,,
[0;34mHTTP/1.1,200,0.12:::secs:,0.12,9639:::bytes,Err:510,/OAI-XMLFile-2.21/XMLFile/w8/oai.pl?verb=ListSets[0m,OAI-XMLFile-2.21,XMLFile,w8,oai.pl?verb,ListSets[0m,,
[0;34mHTTP/1.1,200,0.19:::secs:,0.19,404:::bytes,Err:510,/OAI-XMLFile-2.21/XMLFile/w8/oai.pl?verb=GetRecord&metadataPrefix=oai_dc&identifier=oai-union.ndltd.org-UMASS--oai-scholarworks.umass.edu-theses-1790.metadata[0m,OAI-XMLFile-2.21,XMLFile,w8,oai.pl?verb,GetRecord&metadataPrefix,oai_dc&identifier,oai-union.ndltd.org-UMASS--oai-scholarworks.umass.edu-theses-1790.metadata[0m
[0;34mHTTP/1.1,200,0.20:::secs:,0.2,405:::bytes,Err:510,/OAI-XMLFile-2.21/XMLFile/w8/oai.pl?verb=GetRecord&metadataPrefix=oai_dc&identifier=oai-union.ndltd.org-UMASS--oai-scholarworks.umass.edu-theses-1790.metadata[0m,OAI-XMLFile-2.21,XMLFile,w8,oai.pl?verb,GetRecord&metadataPrefix,oai_dc&identifier,oai-union.ndltd.org-UMASS--oai-scholarworks.umass.edu-theses-1790.metadata[0m
[0;34mHTTP/1.1,200,0.20:::secs:,0.2,404:::bytes,Err:510,/OAI-XMLFile-2.21/XMLFile/w8/oai.pl?verb=GetRecord&metadataPrefix=oai_dc&identifier=oai-union.ndltd.org-UMASS--oai-scholarworks.umass.edu-theses-1790.metadata[0m,OAI-XMLFile-2.21,XMLFile,w8,oai.pl?verb,GetRecord&metadataPrefix,oai_dc&identifier,oai-union.ndltd.org-UMASS--oai-scholarworks.umass.edu-theses-1790.metadata[0m
[0;34mHTTP/1.1,200,0.19:::secs:,0.19,404:::bytes,Err:510,/OAI-XMLFile-2.21/XMLFile/w8/oai.pl?verb=GetRecord&metadataPrefix=oai_dc&identifier=oai-union.ndltd.org-UMASS--oai-scholarworks.umass.edu-theses-1790.metadata[0m,OAI-XMLFile-2.21,XMLFile,w8,oai.pl?verb,GetRecord&metadataPrefix,oai_dc&identifier,oai-union.ndltd.org-UMASS--oai-scholarworks.umass.edu-theses-1790.metadata[0m
[0;34mHTTP/1.1,200,0.20:::secs:,0.2,403:::bytes,Err:510,/OAI-XMLFile-2.21/XMLFile/w8/oai.pl?verb=GetRecord&metadataPrefix=oai_dc&identifier=oai-union.ndltd.org-UMASS--oai-scholarworks.umass.edu-theses-1790.metadata[0m,OAI-XMLFile-2.21,XMLFile,w8,oai.pl?verb,GetRecord&metadataPrefix,oai_dc&identifier,oai-union.ndltd.org-UMASS--oai-scholarworks.umass.edu-theses-1790.metadata[0m
[0;34mHTTP/1.1,200,0.20:::secs:,0.2,389:::bytes,Err:510,/OAI-XMLFile-2.21/XMLFile/w8/oai.pl?verb=GetRecord&metadataPrefix=oai_dc&identifier=oai-union.ndltd.org-TW--100ISU00731008.metadata[0m,OAI-XMLFile-2.21,XMLFile,w8,oai.pl?verb,GetRecord&metadataPrefix,oai_dc&identifier,oai-union.ndltd.org-TW--100ISU00731008.metadata[0m
[0;34mHTTP/1.1,200,0.19:::secs:,0.19,388:::bytes,Err:510,/OAI-XMLFile-2.21/XMLFile/w8/oai.pl?verb=GetRecord&metadataPrefix=oai_dc&identifier=oai-union.ndltd.org-TW--100ISU00731008.metadata[0m,OAI-XMLFile-2.21,XMLFile,w8,oai.pl?verb,GetRecord&metadataPrefix,oai_dc&identifier,oai-union.ndltd.org-TW--100ISU00731008.metadata[0m
[0;34mHTTP/1.1,200,0.20:::secs:,0.2,388:::bytes,Err:510,/OAI-XMLFile-2.21/XMLFile/w8/oai.pl?verb=GetRecord&metadataPrefix=oai_dc&identifier=oai-union.ndltd.org-TW--100ISU00731008.metadata[0m,OAI-XMLFile-2.21,XMLFile,w8,oai.pl?verb,GetRecord&metadataPrefix,oai_dc&identifier,oai-union.ndltd.org-TW--100ISU00731008.metadata[0m
[0;34mHTTP/1.1,200,0.20:::secs:,0.2,388:::bytes,Err:510,/OAI-XMLFile-2.21/XMLFile/w8/oai.pl?verb=GetRecord&metadataPrefix=oai_dc&identifier=oai-union.ndltd.org-TW--100ISU00731008.metadata[0m,OAI-XMLFile-2.21,XMLFile,w8,oai.pl?verb,GetRecord&metadataPrefix,oai_dc&identifier,oai-union.ndltd.org-TW--100ISU00731008.metadata[0m
[0;34mHTTP/1.1,200,0.19:::secs:,0.19,389:::bytes,Err:510,/OAI-XMLFile-2.21/XMLFile/w8/oai.pl?verb=GetRecord&metadataPrefix=oai_dc&identifier=oai-union.ndltd.org-TW--100ISU00731008.metadata[0m,OAI-XMLFile-2.21,XMLFile,w8,oai.pl?verb,GetRecord&metadataPrefix,oai_dc&identifier,oai-union.ndltd.org-TW--100ISU00731008.metadata[0m
[0;34mHTTP/1.1,200,18.16:::secs:,18.16,720139:::bytes,Err:510,/OAI-XMLFile-2.21/XMLFile/w9/oai.pl?verb=ListRecords&metadataPrefix=oai_dc[0m,OAI-XMLFile-2.21,XMLFile,w9,oai.pl?verb,ListRecords&metadataPrefix,oai_dc[0m,
[0;34mHTTP/1.1,200,11.97:::secs:,11.97,720139:::bytes,Err:510,/OAI-XMLFile-2.21/XMLFile/w9/oai.pl?verb=ListRecords&metadataPrefix=oai_dc[0m,OAI-XMLFile-2.21,XMLFile,w9,oai.pl?verb,ListRecords&metadataPrefix,oai_dc[0m,
[0;34mHTTP/1.1,200,12.28:::secs:,12.28,720139:::bytes,Err:510,/OAI-XMLFile-2.21/XMLFile/w9/oai.pl?verb=ListRecords&metadataPrefix=oai_dc[0m,OAI-XMLFile-2.21,XMLFile,w9,oai.pl?verb,ListRecords&metadataPrefix,oai_dc[0m,
[0;34mHTTP/1.1,200,12.20:::secs:,12.2,720138:::bytes,Err:510,/OAI-XMLFile-2.21/XMLFile/w9/oai.pl?verb=ListRecords&metadataPrefix=oai_dc[0m,OAI-XMLFile-2.21,XMLFile,w9,oai.pl?verb,ListRecords&metadataPrefix,oai_dc[0m,
[0;34mHTTP/1.1,200,12.29:::secs:,12.29,720138:::bytes,Err:510,/OAI-XMLFile-2.21/XMLFile/w9/oai.pl?verb=ListRecords&metadataPrefix=oai_dc[0m,OAI-XMLFile-2.21,XMLFile,w9,oai.pl?verb,ListRecords&metadataPrefix,oai_dc[0m,
[0;34mHTTP/1.1,200,6.51:::secs:,6.51,5868:::bytes,Err:510,/OAI-XMLFile-2.21/XMLFile/w9/oai.pl?verb=ListIdentifiers&metadataPrefix=oai_dc[0m,OAI-XMLFile-2.21,XMLFile,w9,oai.pl?verb,ListIdentifiers&metadataPrefix,oai_dc[0m,
[0;34mHTTP/1.1,200,6.47:::secs:,6.47,5868:::bytes,Err:510,/OAI-XMLFile-2.21/XMLFile/w9/oai.pl?verb=ListIdentifiers&metadataPrefix=oai_dc[0m,OAI-XMLFile-2.21,XMLFile,w9,oai.pl?verb,ListIdentifiers&metadataPrefix,oai_dc[0m,
[0;34mHTTP/1.1,200,6.64:::secs:,6.64,5868:::bytes,Err:510,/OAI-XMLFile-2.21/XMLFile/w9/oai.pl?verb=ListIdentifiers&metadataPrefix=oai_dc[0m,OAI-XMLFile-2.21,XMLFile,w9,oai.pl?verb,ListIdentifiers&metadataPrefix,oai_dc[0m,
[0;34mHTTP/1.1,200,6.53:::secs:,6.53,5868:::bytes,Err:510,/OAI-XMLFile-2.21/XMLFile/w9/oai.pl?verb=ListIdentifiers&metadataPrefix=oai_dc[0m,OAI-XMLFile-2.21,XMLFile,w9,oai.pl?verb,ListIdentifiers&metadataPrefix,oai_dc[0m,
[0;34mHTTP/1.1,200,6.64:::secs:,6.64,5868:::bytes,Err:510,/OAI-XMLFile-2.21/XMLFile/w9/oai.pl?verb=ListIdentifiers&metadataPrefix=oai_dc[0m,OAI-XMLFile-2.21,XMLFile,w9,oai.pl?verb,ListIdentifiers&metadataPrefix,oai_dc[0m,
[0;34mHTTP/1.1,200,0.21:::secs:,0.21,11567:::bytes,Err:510,/OAI-XMLFile-2.21/XMLFile/w9/oai.pl?verb=ListSets[0m,OAI-XMLFile-2.21,XMLFile,w9,oai.pl?verb,ListSets[0m,,
[0;34mHTTP/1.1,200,0.20:::secs:,0.2,11567:::bytes,Err:510,/OAI-XMLFile-2.21/XMLFile/w9/oai.pl?verb=ListSets[0m,OAI-XMLFile-2.21,XMLFile,w9,oai.pl?verb,ListSets[0m,,
[0;34mHTTP/1.1,200,0.19:::secs:,0.19,11567:::bytes,Err:510,/OAI-XMLFile-2.21/XMLFile/w9/oai.pl?verb=ListSets[0m,OAI-XMLFile-2.21,XMLFile,w9,oai.pl?verb,ListSets[0m,,
[0;34mHTTP/1.1,200,0.20:::secs:,0.2,11567:::bytes,Err:510,/OAI-XMLFile-2.21/XMLFile/w9/oai.pl?verb=ListSets[0m,OAI-XMLFile-2.21,XMLFile,w9,oai.pl?verb,ListSets[0m,,
[0;34mHTTP/1.1,200,0.20:::secs:,0.2,11567:::bytes,Err:510,/OAI-XMLFile-2.21/XMLFile/w9/oai.pl?verb=ListSets[0m,OAI-XMLFile-2.21,XMLFile,w9,oai.pl?verb,ListSets[0m,,
[0;34mHTTP/1.1,200,0.35:::secs:,0.35,408:::bytes,Err:510,/OAI-XMLFile-2.21/XMLFile/w9/oai.pl?verb=GetRecord&metadataPrefix=oai_dc&identifier=oai-union.ndltd.org-MONTANA--oai-etd.lib.umt.edu-etd-05272008-134949.metadata[0m,OAI-XMLFile-2.21,XMLFile,w9,oai.pl?verb,GetRecord&metadataPrefix,oai_dc&identifier,oai-union.ndltd.org-MONTANA--oai-etd.lib.umt.edu-etd-05272008-134949.metadata[0m
[0;34mHTTP/1.1,200,0.36:::secs:,0.36,408:::bytes,Err:510,/OAI-XMLFile-2.21/XMLFile/w9/oai.pl?verb=GetRecord&metadataPrefix=oai_dc&identifier=oai-union.ndltd.org-MONTANA--oai-etd.lib.umt.edu-etd-05272008-134949.metadata[0m,OAI-XMLFile-2.21,XMLFile,w9,oai.pl?verb,GetRecord&metadataPrefix,oai_dc&identifier,oai-union.ndltd.org-MONTANA--oai-etd.lib.umt.edu-etd-05272008-134949.metadata[0m
[0;34mHTTP/1.1,200,0.35:::secs:,0.35,407:::bytes,Err:510,/OAI-XMLFile-2.21/XMLFile/w9/oai.pl?verb=GetRecord&metadataPrefix=oai_dc&identifier=oai-union.ndltd.org-MONTANA--oai-etd.lib.umt.edu-etd-05272008-134949.metadata[0m,OAI-XMLFile-2.21,XMLFile,w9,oai.pl?verb,GetRecord&metadataPrefix,oai_dc&identifier,oai-union.ndltd.org-MONTANA--oai-etd.lib.umt.edu-etd-05272008-134949.metadata[0m
[0;34mHTTP/1.1,200,0.36:::secs:,0.36,408:::bytes,Err:510,/OAI-XMLFile-2.21/XMLFile/w9/oai.pl?verb=GetRecord&metadataPrefix=oai_dc&identifier=oai-union.ndltd.org-MONTANA--oai-etd.lib.umt.edu-etd-05272008-134949.metadata[0m,OAI-XMLFile-2.21,XMLFile,w9,oai.pl?verb,GetRecord&metadataPrefix,oai_dc&identifier,oai-union.ndltd.org-MONTANA--oai-etd.lib.umt.edu-etd-05272008-134949.metadata[0m
[0;34mHTTP/1.1,200,0.35:::secs:,0.35,408:::bytes,Err:510,/OAI-XMLFile-2.21/XMLFile/w9/oai.pl?verb=GetRecord&metadataPrefix=oai_dc&identifier=oai-union.ndltd.org-MONTANA--oai-etd.lib.umt.edu-etd-05272008-134949.metadata[0m,OAI-XMLFile-2.21,XMLFile,w9,oai.pl?verb,GetRecord&metadataPrefix,oai_dc&identifier,oai-union.ndltd.org-MONTANA--oai-etd.lib.umt.edu-etd-05272008-134949.metadata[0m
[0;34mHTTP/1.1,200,0.35:::secs:,0.35,389:::bytes,Err:510,/OAI-XMLFile-2.21/XMLFile/w9/oai.pl?verb=GetRecord&metadataPrefix=oai_dc&identifier=oai-union.ndltd.org-TW--100ISU00731008.metadata[0m,OAI-XMLFile-2.21,XMLFile,w9,oai.pl?verb,GetRecord&metadataPrefix,oai_dc&identifier,oai-union.ndltd.org-TW--100ISU00731008.metadata[0m
[0;34mHTTP/1.1,200,0.36:::secs:,0.36,389:::bytes,Err:510,/OAI-XMLFile-2.21/XMLFile/w9/oai.pl?verb=GetRecord&metadataPrefix=oai_dc&identifier=oai-union.ndltd.org-TW--100ISU00731008.metadata[0m,OAI-XMLFile-2.21,XMLFile,w9,oai.pl?verb,GetRecord&metadataPrefix,oai_dc&identifier,oai-union.ndltd.org-TW--100ISU00731008.metadata[0m
[0;34mHTTP/1.1,200,0.36:::secs:,0.36,387:::bytes,Err:510,/OAI-XMLFile-2.21/XMLFile/w9/oai.pl?verb=GetRecord&metadataPrefix=oai_dc&identifier=oai-union.ndltd.org-TW--100ISU00731008.metadata[0m,OAI-XMLFile-2.21,XMLFile,w9,oai.pl?verb,GetRecord&metadataPrefix,oai_dc&identifier,oai-union.ndltd.org-TW--100ISU00731008.metadata[0m
[0;34mHTTP/1.1,200,0.35:::secs:,0.35,389:::bytes,Err:510,/OAI-XMLFile-2.21/XMLFile/w9/oai.pl?verb=GetRecord&metadataPrefix=oai_dc&identifier=oai-union.ndltd.org-TW--100ISU00731008.metadata[0m,OAI-XMLFile-2.21,XMLFile,w9,oai.pl?verb,GetRecord&metadataPrefix,oai_dc&identifier,oai-union.ndltd.org-TW--100ISU00731008.metadata[0m
[0;34mHTTP/1.1,200,0.36:::secs:,0.36,389:::bytes,Err:510,/OAI-XMLFile-2.21/XMLFile/w9/oai.pl?verb=GetRecord&metadataPrefix=oai_dc&identifier=oai-union.ndltd.org-TW--100ISU00731008.metadata[0m,OAI-XMLFile-2.21,XMLFile,w9,oai.pl?verb,GetRecord&metadataPrefix,oai_dc&identifier,oai-union.ndltd.org-TW--100ISU00731008.metadata[0m
[0;34mHTTP/1.1,200,29.66:::secs:,29.66,771707:::bytes,Err:510,/OAI-XMLFile-2.21/XMLFile/w10/oai.pl?verb=ListRecords&metadataPrefix=oai_dc[0m,OAI-XMLFile-2.21,XMLFile,w10,oai.pl?verb,ListRecords&metadataPrefix,oai_dc[0m,
[0;34mHTTP/1.1,200,19.10:::secs:,19.1,771707:::bytes,Err:510,/OAI-XMLFile-2.21/XMLFile/w10/oai.pl?verb=ListRecords&metadataPrefix=oai_dc[0m,OAI-XMLFile-2.21,XMLFile,w10,oai.pl?verb,ListRecords&metadataPrefix,oai_dc[0m,
[0;34mHTTP/1.1,200,19.63:::secs:,19.63,771707:::bytes,Err:510,/OAI-XMLFile-2.21/XMLFile/w10/oai.pl?verb=ListRecords&metadataPrefix=oai_dc[0m,OAI-XMLFile-2.21,XMLFile,w10,oai.pl?verb,ListRecords&metadataPrefix,oai_dc[0m,
[0;34mHTTP/1.1,200,19.48:::secs:,19.48,771707:::bytes,Err:510,/OAI-XMLFile-2.21/XMLFile/w10/oai.pl?verb=ListRecords&metadataPrefix=oai_dc[0m,OAI-XMLFile-2.21,XMLFile,w10,oai.pl?verb,ListRecords&metadataPrefix,oai_dc[0m,
[0;34mHTTP/1.1,200,19.94:::secs:,19.94,771707:::bytes,Err:510,/OAI-XMLFile-2.21/XMLFile/w10/oai.pl?verb=ListRecords&metadataPrefix=oai_dc[0m,OAI-XMLFile-2.21,XMLFile,w10,oai.pl?verb,ListRecords&metadataPrefix,oai_dc[0m,
[0;34mHTTP/1.1,200,13.45:::secs:,13.45,4808:::bytes,Err:510,/OAI-XMLFile-2.21/XMLFile/w10/oai.pl?verb=ListIdentifiers&metadataPrefix=oai_dc[0m,OAI-XMLFile-2.21,XMLFile,w10,oai.pl?verb,ListIdentifiers&metadataPrefix,oai_dc[0m,
[0;34mHTTP/1.1,200,13.82:::secs:,13.82,4808:::bytes,Err:510,/OAI-XMLFile-2.21/XMLFile/w10/oai.pl?verb=ListIdentifiers&metadataPrefix=oai_dc[0m,OAI-XMLFile-2.21,XMLFile,w10,oai.pl?verb,ListIdentifiers&metadataPrefix,oai_dc[0m,
[0;34mHTTP/1.1,200,13.68:::secs:,13.68,4808:::bytes,Err:510,/OAI-XMLFile-2.21/XMLFile/w10/oai.pl?verb=ListIdentifiers&metadataPrefix=oai_dc[0m,OAI-XMLFile-2.21,XMLFile,w10,oai.pl?verb,ListIdentifiers&metadataPrefix,oai_dc[0m,
[0;34mHTTP/1.1,200,14.14:::secs:,14.14,4808:::bytes,Err:510,/OAI-XMLFile-2.21/XMLFile/w10/oai.pl?verb=ListIdentifiers&metadataPrefix=oai_dc[0m,OAI-XMLFile-2.21,XMLFile,w10,oai.pl?verb,ListIdentifiers&metadataPrefix,oai_dc[0m,
[0;34mHTTP/1.1,200,13.61:::secs:,13.61,4807:::bytes,Err:510,/OAI-XMLFile-2.21/XMLFile/w10/oai.pl?verb=ListIdentifiers&metadataPrefix=oai_dc[0m,OAI-XMLFile-2.21,XMLFile,w10,oai.pl?verb,ListIdentifiers&metadataPrefix,oai_dc[0m,
[0;34mHTTP/1.1,200,0.36:::secs:,0.36,14476:::bytes,Err:510,/OAI-XMLFile-2.21/XMLFile/w10/oai.pl?verb=ListSets[0m,OAI-XMLFile-2.21,XMLFile,w10,oai.pl?verb,ListSets[0m,,
[0;34mHTTP/1.1,200,0.34:::secs:,0.34,14476:::bytes,Err:510,/OAI-XMLFile-2.21/XMLFile/w10/oai.pl?verb=ListSets[0m,OAI-XMLFile-2.21,XMLFile,w10,oai.pl?verb,ListSets[0m,,
[0;34mHTTP/1.1,200,0.34:::secs:,0.34,14476:::bytes,Err:510,/OAI-XMLFile-2.21/XMLFile/w10/oai.pl?verb=ListSets[0m,OAI-XMLFile-2.21,XMLFile,w10,oai.pl?verb,ListSets[0m,,
[0;34mHTTP/1.1,200,0.35:::secs:,0.35,14476:::bytes,Err:510,/OAI-XMLFile-2.21/XMLFile/w10/oai.pl?verb=ListSets[0m,OAI-XMLFile-2.21,XMLFile,w10,oai.pl?verb,ListSets[0m,,
[0;34mHTTP/1.1,200,0.35:::secs:,0.35,14476:::bytes,Err:510,/OAI-XMLFile-2.21/XMLFile/w10/oai.pl?verb=ListSets[0m,OAI-XMLFile-2.21,XMLFile,w10,oai.pl?verb,ListSets[0m,,
[0;34mHTTP/1.1,200,0.68:::secs:,0.68,413:::bytes,Err:510,/OAI-XMLFile-2.21/XMLFile/w10/oai.pl?verb=GetRecord&metadataPrefix=oai_dc&identifier=oai-union.ndltd.org-UHAWAII--oai-scholarspace.manoa.hawaii.edu-10125--10382.metadata[0m,OAI-XMLFile-2.21,XMLFile,w10,oai.pl?verb,GetRecord&metadataPrefix,oai_dc&identifier,oai-union.ndltd.org-UHAWAII--oai-scholarspace.manoa.hawaii.edu-10125--10382.metadata[0m
[0;34mHTTP/1.1,200,0.68:::secs:,0.68,413:::bytes,Err:510,/OAI-XMLFile-2.21/XMLFile/w10/oai.pl?verb=GetRecord&metadataPrefix=oai_dc&identifier=oai-union.ndltd.org-UHAWAII--oai-scholarspace.manoa.hawaii.edu-10125--10382.metadata[0m,OAI-XMLFile-2.21,XMLFile,w10,oai.pl?verb,GetRecord&metadataPrefix,oai_dc&identifier,oai-union.ndltd.org-UHAWAII--oai-scholarspace.manoa.hawaii.edu-10125--10382.metadata[0m
[0;34mHTTP/1.1,200,0.68:::secs:,0.68,413:::bytes,Err:510,/OAI-XMLFile-2.21/XMLFile/w10/oai.pl?verb=GetRecord&metadataPrefix=oai_dc&identifier=oai-union.ndltd.org-UHAWAII--oai-scholarspace.manoa.hawaii.edu-10125--10382.metadata[0m,OAI-XMLFile-2.21,XMLFile,w10,oai.pl?verb,GetRecord&metadataPrefix,oai_dc&identifier,oai-union.ndltd.org-UHAWAII--oai-scholarspace.manoa.hawaii.edu-10125--10382.metadata[0m
[0;34mHTTP/1.1,200,0.68:::secs:,0.68,414:::bytes,Err:510,/OAI-XMLFile-2.21/XMLFile/w10/oai.pl?verb=GetRecord&metadataPrefix=oai_dc&identifier=oai-union.ndltd.org-UHAWAII--oai-scholarspace.manoa.hawaii.edu-10125--10382.metadata[0m,OAI-XMLFile-2.21,XMLFile,w10,oai.pl?verb,GetRecord&metadataPrefix,oai_dc&identifier,oai-union.ndltd.org-UHAWAII--oai-scholarspace.manoa.hawaii.edu-10125--10382.metadata[0m
[0;34mHTTP/1.1,200,0.68:::secs:,0.68,413:::bytes,Err:510,/OAI-XMLFile-2.21/XMLFile/w10/oai.pl?verb=GetRecord&metadataPrefix=oai_dc&identifier=oai-union.ndltd.org-UHAWAII--oai-scholarspace.manoa.hawaii.edu-10125--10382.metadata[0m,OAI-XMLFile-2.21,XMLFile,w10,oai.pl?verb,GetRecord&metadataPrefix,oai_dc&identifier,oai-union.ndltd.org-UHAWAII--oai-scholarspace.manoa.hawaii.edu-10125--10382.metadata[0m
[0;34mHTTP/1.1,200,0.67:::secs:,0.67,387:::bytes,Err:510,/OAI-XMLFile-2.21/XMLFile/w10/oai.pl?verb=GetRecord&metadataPrefix=oai_dc&identifier=oai-union.ndltd.org-CHENGCHI--B2002008312.metadata[0m,OAI-XMLFile-2.21,XMLFile,w10,oai.pl?verb,GetRecord&metadataPrefix,oai_dc&identifier,oai-union.ndltd.org-CHENGCHI--B2002008312.metadata[0m
[0;34mHTTP/1.1,200,0.68:::secs:,0.68,388:::bytes,Err:510,/OAI-XMLFile-2.21/XMLFile/w10/oai.pl?verb=GetRecord&metadataPrefix=oai_dc&identifier=oai-union.ndltd.org-CHENGCHI--B2002008312.metadata[0m,OAI-XMLFile-2.21,XMLFile,w10,oai.pl?verb,GetRecord&metadataPrefix,oai_dc&identifier,oai-union.ndltd.org-CHENGCHI--B2002008312.metadata[0m
[0;34mHTTP/1.1,200,0.67:::secs:,0.67,387:::bytes,Err:510,/OAI-XMLFile-2.21/XMLFile/w10/oai.pl?verb=GetRecord&metadataPrefix=oai_dc&identifier=oai-union.ndltd.org-CHENGCHI--B2002008312.metadata[0m,OAI-XMLFile-2.21,XMLFile,w10,oai.pl?verb,GetRecord&metadataPrefix,oai_dc&identifier,oai-union.ndltd.org-CHENGCHI--B2002008312.metadata[0m
[0;34mHTTP/1.1,200,0.67:::secs:,0.67,390:::bytes,Err:510,/OAI-XMLFile-2.21/XMLFile/w10/oai.pl?verb=GetRecord&metadataPrefix=oai_dc&identifier=oai-union.ndltd.org-CHENGCHI--B2002008312.metadata[0m,OAI-XMLFile-2.21,XMLFile,w10,oai.pl?verb,GetRecord&metadataPrefix,oai_dc&identifier,oai-union.ndltd.org-CHENGCHI--B2002008312.metadata[0m
[0;34mHTTP/1.1,200,0.68:::secs:,0.68,390:::bytes,Err:510,/OAI-XMLFile-2.21/XMLFile/w10/oai.pl?verb=GetRecord&metadataPrefix=oai_dc&identifier=oai-union.ndltd.org-CHENGCHI--B2002008312.metadata[0m,OAI-XMLFile-2.21,XMLFile,w10,oai.pl?verb,GetRecord&metadataPrefix,oai_dc&identifier,oai-union.ndltd.org-CHENGCHI--B2002008312.metadata[0m
[0;34mHTTP/1.1,200,48.69:::secs:,48.69,743284:::bytes,Err:510,/OAI-XMLFile-2.21/XMLFile/w11/oai.pl?verb=ListRecords&metadataPrefix=oai_dc[0m,OAI-XMLFile-2.21,XMLFile,w11,oai.pl?verb,ListRecords&metadataPrefix,oai_dc[0m,
[0;34mHTTP/1.1,200,34.63:::secs:,34.63,743282:::bytes,Err:510,/OAI-XMLFile-2.21/XMLFile/w11/oai.pl?verb=ListRecords&metadataPrefix=oai_dc[0m,OAI-XMLFile-2.21,XMLFile,w11,oai.pl?verb,ListRecords&metadataPrefix,oai_dc[0m,
[0;34mHTTP/1.1,200,36.19:::secs:,36.19,743281:::bytes,Err:510,/OAI-XMLFile-2.21/XMLFile/w11/oai.pl?verb=ListRecords&metadataPrefix=oai_dc[0m,OAI-XMLFile-2.21,XMLFile,w11,oai.pl?verb,ListRecords&metadataPrefix,oai_dc[0m,
[0;34mHTTP/1.1,200,35.24:::secs:,35.24,743283:::bytes,Err:510,/OAI-XMLFile-2.21/XMLFile/w11/oai.pl?verb=ListRecords&metadataPrefix=oai_dc[0m,OAI-XMLFile-2.21,XMLFile,w11,oai.pl?verb,ListRecords&metadataPrefix,oai_dc[0m,
[0;34mHTTP/1.1,200,35.68:::secs:,35.68,743284:::bytes,Err:510,/OAI-XMLFile-2.21/XMLFile/w11/oai.pl?verb=ListRecords&metadataPrefix=oai_dc[0m,OAI-XMLFile-2.21,XMLFile,w11,oai.pl?verb,ListRecords&metadataPrefix,oai_dc[0m,
[0;34mHTTP/1.1,200,29.37:::secs:,29.37,5066:::bytes,Err:510,/OAI-XMLFile-2.21/XMLFile/w11/oai.pl?verb=ListIdentifiers&metadataPrefix=oai_dc[0m,OAI-XMLFile-2.21,XMLFile,w11,oai.pl?verb,ListIdentifiers&metadataPrefix,oai_dc[0m,
[0;34mHTTP/1.1,200,29.98:::secs:,29.98,5066:::bytes,Err:510,/OAI-XMLFile-2.21/XMLFile/w11/oai.pl?verb=ListIdentifiers&metadataPrefix=oai_dc[0m,OAI-XMLFile-2.21,XMLFile,w11,oai.pl?verb,ListIdentifiers&metadataPrefix,oai_dc[0m,
[0;34mHTTP/1.1,200,29.87:::secs:,29.87,5066:::bytes,Err:510,/OAI-XMLFile-2.21/XMLFile/w11/oai.pl?verb=ListIdentifiers&metadataPrefix=oai_dc[0m,OAI-XMLFile-2.21,XMLFile,w11,oai.pl?verb,ListIdentifiers&metadataPrefix,oai_dc[0m,
[0;34mHTTP/1.1,200,30.20:::secs:,30.2,5066:::bytes,Err:510,/OAI-XMLFile-2.21/XMLFile/w11/oai.pl?verb=ListIdentifiers&metadataPrefix=oai_dc[0m,OAI-XMLFile-2.21,XMLFile,w11,oai.pl?verb,ListIdentifiers&metadataPrefix,oai_dc[0m,
[0;34mHTTP/1.1,200,30.84:::secs:,30.84,5066:::bytes,Err:510,/OAI-XMLFile-2.21/XMLFile/w11/oai.pl?verb=ListIdentifiers&metadataPrefix=oai_dc[0m,OAI-XMLFile-2.21,XMLFile,w11,oai.pl?verb,ListIdentifiers&metadataPrefix,oai_dc[0m,
[0;34mHTTP/1.1,200,0.64:::secs:,0.64,17468:::bytes,Err:510,/OAI-XMLFile-2.21/XMLFile/w11/oai.pl?verb=ListSets[0m,OAI-XMLFile-2.21,XMLFile,w11,oai.pl?verb,ListSets[0m,,
[0;34mHTTP/1.1,200,0.62:::secs:,0.62,17467:::bytes,Err:510,/OAI-XMLFile-2.21/XMLFile/w11/oai.pl?verb=ListSets[0m,OAI-XMLFile-2.21,XMLFile,w11,oai.pl?verb,ListSets[0m,,
[0;34mHTTP/1.1,200,0.62:::secs:,0.62,17468:::bytes,Err:510,/OAI-XMLFile-2.21/XMLFile/w11/oai.pl?verb=ListSets[0m,OAI-XMLFile-2.21,XMLFile,w11,oai.pl?verb,ListSets[0m,,
[0;34mHTTP/1.1,200,0.62:::secs:,0.62,17467:::bytes,Err:510,/OAI-XMLFile-2.21/XMLFile/w11/oai.pl?verb=ListSets[0m,OAI-XMLFile-2.21,XMLFile,w11,oai.pl?verb,ListSets[0m,,
[0;34mHTTP/1.1,200,0.63:::secs:,0.63,17468:::bytes,Err:510,/OAI-XMLFile-2.21/XMLFile/w11/oai.pl?verb=ListSets[0m,OAI-XMLFile-2.21,XMLFile,w11,oai.pl?verb,ListSets[0m,,
[0;34mHTTP/1.1,200,1.32:::secs:,1.32,413:::bytes,Err:510,/OAI-XMLFile-2.21/XMLFile/w11/oai.pl?verb=GetRecord&metadataPrefix=oai_dc&identifier=oai-union.ndltd.org-UHAWAII--oai-scholarspace.manoa.hawaii.edu-10125--10382.metadata[0m,OAI-XMLFile-2.21,XMLFile,w11,oai.pl?verb,GetRecord&metadataPrefix,oai_dc&identifier,oai-union.ndltd.org-UHAWAII--oai-scholarspace.manoa.hawaii.edu-10125--10382.metadata[0m
[0;34mHTTP/1.1,200,1.33:::secs:,1.33,413:::bytes,Err:510,/OAI-XMLFile-2.21/XMLFile/w11/oai.pl?verb=GetRecord&metadataPrefix=oai_dc&identifier=oai-union.ndltd.org-UHAWAII--oai-scholarspace.manoa.hawaii.edu-10125--10382.metadata[0m,OAI-XMLFile-2.21,XMLFile,w11,oai.pl?verb,GetRecord&metadataPrefix,oai_dc&identifier,oai-union.ndltd.org-UHAWAII--oai-scholarspace.manoa.hawaii.edu-10125--10382.metadata[0m
[0;34mHTTP/1.1,200,1.32:::secs:,1.32,413:::bytes,Err:510,/OAI-XMLFile-2.21/XMLFile/w11/oai.pl?verb=GetRecord&metadataPrefix=oai_dc&identifier=oai-union.ndltd.org-UHAWAII--oai-scholarspace.manoa.hawaii.edu-10125--10382.metadata[0m,OAI-XMLFile-2.21,XMLFile,w11,oai.pl?verb,GetRecord&metadataPrefix,oai_dc&identifier,oai-union.ndltd.org-UHAWAII--oai-scholarspace.manoa.hawaii.edu-10125--10382.metadata[0m
[0;34mHTTP/1.1,200,1.33:::secs:,1.33,413:::bytes,Err:510,/OAI-XMLFile-2.21/XMLFile/w11/oai.pl?verb=GetRecord&metadataPrefix=oai_dc&identifier=oai-union.ndltd.org-UHAWAII--oai-scholarspace.manoa.hawaii.edu-10125--10382.metadata[0m,OAI-XMLFile-2.21,XMLFile,w11,oai.pl?verb,GetRecord&metadataPrefix,oai_dc&identifier,oai-union.ndltd.org-UHAWAII--oai-scholarspace.manoa.hawaii.edu-10125--10382.metadata[0m
[0;34mHTTP/1.1,200,1.32:::secs:,1.32,413:::bytes,Err:510,/OAI-XMLFile-2.21/XMLFile/w11/oai.pl?verb=GetRecord&metadataPrefix=oai_dc&identifier=oai-union.ndltd.org-UHAWAII--oai-scholarspace.manoa.hawaii.edu-10125--10382.metadata[0m,OAI-XMLFile-2.21,XMLFile,w11,oai.pl?verb,GetRecord&metadataPrefix,oai_dc&identifier,oai-union.ndltd.org-UHAWAII--oai-scholarspace.manoa.hawaii.edu-10125--10382.metadata[0m
[0;34mHTTP/1.1,200,1.32:::secs:,1.32,389:::bytes,Err:510,/OAI-XMLFile-2.21/XMLFile/w11/oai.pl?verb=GetRecord&metadataPrefix=oai_dc&identifier=oai-union.ndltd.org-CHENGCHI--B2002008312.metadata[0m,OAI-XMLFile-2.21,XMLFile,w11,oai.pl?verb,GetRecord&metadataPrefix,oai_dc&identifier,oai-union.ndltd.org-CHENGCHI--B2002008312.metadata[0m
[0;34mHTTP/1.1,200,1.33:::secs:,1.33,391:::bytes,Err:510,/OAI-XMLFile-2.21/XMLFile/w11/oai.pl?verb=GetRecord&metadataPrefix=oai_dc&identifier=oai-union.ndltd.org-CHENGCHI--B2002008312.metadata[0m,OAI-XMLFile-2.21,XMLFile,w11,oai.pl?verb,GetRecord&metadataPrefix,oai_dc&identifier,oai-union.ndltd.org-CHENGCHI--B2002008312.metadata[0m
[0;34mHTTP/1.1,200,1.32:::secs:,1.32,388:::bytes,Err:510,/OAI-XMLFile-2.21/XMLFile/w11/oai.pl?verb=GetRecord&metadataPrefix=oai_dc&identifier=oai-union.ndltd.org-CHENGCHI--B2002008312.metadata[0m,OAI-XMLFile-2.21,XMLFile,w11,oai.pl?verb,GetRecord&metadataPrefix,oai_dc&identifier,oai-union.ndltd.org-CHENGCHI--B2002008312.metadata[0m
[0;34mHTTP/1.1,200,1.32:::secs:,1.32,392:::bytes,Err:510,/OAI-XMLFile-2.21/XMLFile/w11/oai.pl?verb=GetRecord&metadataPrefix=oai_dc&identifier=oai-union.ndltd.org-CHENGCHI--B2002008312.metadata[0m,OAI-XMLFile-2.21,XMLFile,w11,oai.pl?verb,GetRecord&metadataPrefix,oai_dc&identifier,oai-union.ndltd.org-CHENGCHI--B2002008312.metadata[0m
[0;34mHTTP/1.1,200,1.34:::secs:,1.34,388:::bytes,Err:510,/OAI-XMLFile-2.21/XMLFile/w11/oai.pl?verb=GetRecord&metadataPrefix=oai_dc&identifier=oai-union.ndltd.org-CHENGCHI--B2002008312.metadata[0m,OAI-XMLFile-2.21,XMLFile,w11,oai.pl?verb,GetRecord&metadataPrefix,oai_dc&identifier,oai-union.ndltd.org-CHENGCHI--B2002008312.metadata[0m
[0;34mHTTP/1.1,200,90.59:::secs:,90.59,913963:::bytes,Err:510,/OAI-XMLFile-2.21/XMLFile/w12/oai.pl?verb=ListRecords&metadataPrefix=oai_dc[0m,OAI-XMLFile-2.21,XMLFile,w12,oai.pl?verb,ListRecords&metadataPrefix,oai_dc[0m,
[0;34mHTTP/1.1,200,69.82:::secs:,69.82,913963:::bytes,Err:510,/OAI-XMLFile-2.21/XMLFile/w12/oai.pl?verb=ListRecords&metadataPrefix=oai_dc[0m,OAI-XMLFile-2.21,XMLFile,w12,oai.pl?verb,ListRecords&metadataPrefix,oai_dc[0m,
[0;34mHTTP/1.1,200,71.94:::secs:,71.94,913963:::bytes,Err:510,/OAI-XMLFile-2.21/XMLFile/w12/oai.pl?verb=ListRecords&metadataPrefix=oai_dc[0m,OAI-XMLFile-2.21,XMLFile,w12,oai.pl?verb,ListRecords&metadataPrefix,oai_dc[0m,
[0;34mHTTP/1.1,200,72.58:::secs:,72.58,913963:::bytes,Err:510,/OAI-XMLFile-2.21/XMLFile/w12/oai.pl?verb=ListRecords&metadataPrefix=oai_dc[0m,OAI-XMLFile-2.21,XMLFile,w12,oai.pl?verb,ListRecords&metadataPrefix,oai_dc[0m,
[0;34mHTTP/1.1,200,72.27:::secs:,72.27,913963:::bytes,Err:510,/OAI-XMLFile-2.21/XMLFile/w12/oai.pl?verb=ListRecords&metadataPrefix=oai_dc[0m,OAI-XMLFile-2.21,XMLFile,w12,oai.pl?verb,ListRecords&metadataPrefix,oai_dc[0m,
[0;34mHTTP/1.1,200,64.93:::secs:,64.93,5376:::bytes,Err:510,/OAI-XMLFile-2.21/XMLFile/w12/oai.pl?verb=ListIdentifiers&metadataPrefix=oai_dc[0m,OAI-XMLFile-2.21,XMLFile,w12,oai.pl?verb,ListIdentifiers&metadataPrefix,oai_dc[0m,
[0;34mHTTP/1.1,200,66.66:::secs:,66.66,5375:::bytes,Err:510,/OAI-XMLFile-2.21/XMLFile/w12/oai.pl?verb=ListIdentifiers&metadataPrefix=oai_dc[0m,OAI-XMLFile-2.21,XMLFile,w12,oai.pl?verb,ListIdentifiers&metadataPrefix,oai_dc[0m,
[0;34mHTTP/1.1,200,67.39:::secs:,67.39,5376:::bytes,Err:510,/OAI-XMLFile-2.21/XMLFile/w12/oai.pl?verb=ListIdentifiers&metadataPrefix=oai_dc[0m,OAI-XMLFile-2.21,XMLFile,w12,oai.pl?verb,ListIdentifiers&metadataPrefix,oai_dc[0m,
[0;34mHTTP/1.1,200,67.90:::secs:,67.9,5375:::bytes,Err:510,/OAI-XMLFile-2.21/XMLFile/w12/oai.pl?verb=ListIdentifiers&metadataPrefix=oai_dc[0m,OAI-XMLFile-2.21,XMLFile,w12,oai.pl?verb,ListIdentifiers&metadataPrefix,oai_dc[0m,
[0;34mHTTP/1.1,200,66.02:::secs:,66.02,5375:::bytes,Err:510,/OAI-XMLFile-2.21/XMLFile/w12/oai.pl?verb=ListIdentifiers&metadataPrefix=oai_dc[0m,OAI-XMLFile-2.21,XMLFile,w12,oai.pl?verb,ListIdentifiers&metadataPrefix,oai_dc[0m,
[0;34mHTTP/1.1,200,1.20:::secs:,1.2,20117:::bytes,Err:510,/OAI-XMLFile-2.21/XMLFile/w12/oai.pl?verb=ListSets[0m,OAI-XMLFile-2.21,XMLFile,w12,oai.pl?verb,ListSets[0m,,
[0;34mHTTP/1.1,200,1.19:::secs:,1.19,20117:::bytes,Err:510,/OAI-XMLFile-2.21/XMLFile/w12/oai.pl?verb=ListSets[0m,OAI-XMLFile-2.21,XMLFile,w12,oai.pl?verb,ListSets[0m,,
[0;34mHTTP/1.1,200,1.20:::secs:,1.2,20117:::bytes,Err:510,/OAI-XMLFile-2.21/XMLFile/w12/oai.pl?verb=ListSets[0m,OAI-XMLFile-2.21,XMLFile,w12,oai.pl?verb,ListSets[0m,,
[0;34mHTTP/1.1,200,1.19:::secs:,1.19,20117:::bytes,Err:510,/OAI-XMLFile-2.21/XMLFile/w12/oai.pl?verb=ListSets[0m,OAI-XMLFile-2.21,XMLFile,w12,oai.pl?verb,ListSets[0m,,
[0;34mHTTP/1.1,200,1.20:::secs:,1.2,20116:::bytes,Err:510,/OAI-XMLFile-2.21/XMLFile/w12/oai.pl?verb=ListSets[0m,OAI-XMLFile-2.21,XMLFile,w12,oai.pl?verb,ListSets[0m,,
[0;34mHTTP/1.1,200,2.66:::secs:,2.66,399:::bytes,Err:510,/OAI-XMLFile-2.21/XMLFile/w12/oai.pl?verb=GetRecord&metadataPrefix=oai_dc&identifier=oai-union.ndltd.org-TDX_URL--oai-www.tdx.cat-10803--9200.metadata[0m,OAI-XMLFile-2.21,XMLFile,w12,oai.pl?verb,GetRecord&metadataPrefix,oai_dc&identifier,oai-union.ndltd.org-TDX_URL--oai-www.tdx.cat-10803--9200.metadata[0m
[0;34mHTTP/1.1,200,2.65:::secs:,2.65,401:::bytes,Err:510,/OAI-XMLFile-2.21/XMLFile/w12/oai.pl?verb=GetRecord&metadataPrefix=oai_dc&identifier=oai-union.ndltd.org-TDX_URL--oai-www.tdx.cat-10803--9200.metadata[0m,OAI-XMLFile-2.21,XMLFile,w12,oai.pl?verb,GetRecord&metadataPrefix,oai_dc&identifier,oai-union.ndltd.org-TDX_URL--oai-www.tdx.cat-10803--9200.metadata[0m
[0;34mHTTP/1.1,200,2.66:::secs:,2.66,400:::bytes,Err:510,/OAI-XMLFile-2.21/XMLFile/w12/oai.pl?verb=GetRecord&metadataPrefix=oai_dc&identifier=oai-union.ndltd.org-TDX_URL--oai-www.tdx.cat-10803--9200.metadata[0m,OAI-XMLFile-2.21,XMLFile,w12,oai.pl?verb,GetRecord&metadataPrefix,oai_dc&identifier,oai-union.ndltd.org-TDX_URL--oai-www.tdx.cat-10803--9200.metadata[0m
[0;34mHTTP/1.1,200,2.63:::secs:,2.63,400:::bytes,Err:510,/OAI-XMLFile-2.21/XMLFile/w12/oai.pl?verb=GetRecord&metadataPrefix=oai_dc&identifier=oai-union.ndltd.org-TDX_URL--oai-www.tdx.cat-10803--9200.metadata[0m,OAI-XMLFile-2.21,XMLFile,w12,oai.pl?verb,GetRecord&metadataPrefix,oai_dc&identifier,oai-union.ndltd.org-TDX_URL--oai-www.tdx.cat-10803--9200.metadata[0m
[0;34mHTTP/1.1,200,2.64:::secs:,2.64,399:::bytes,Err:510,/OAI-XMLFile-2.21/XMLFile/w12/oai.pl?verb=GetRecord&metadataPrefix=oai_dc&identifier=oai-union.ndltd.org-TDX_URL--oai-www.tdx.cat-10803--9200.metadata[0m,OAI-XMLFile-2.21,XMLFile,w12,oai.pl?verb,GetRecord&metadataPrefix,oai_dc&identifier,oai-union.ndltd.org-TDX_URL--oai-www.tdx.cat-10803--9200.metadata[0m
[0;34mHTTP/1.1,200,2.64:::secs:,2.64,387:::bytes,Err:510,/OAI-XMLFile-2.21/XMLFile/w12/oai.pl?verb=GetRecord&metadataPrefix=oai_dc&identifier=oai-union.ndltd.org-CHENGCHI--B2002008312.metadata[0m,OAI-XMLFile-2.21,XMLFile,w12,oai.pl?verb,GetRecord&metadataPrefix,oai_dc&identifier,oai-union.ndltd.org-CHENGCHI--B2002008312.metadata[0m
[0;34mHTTP/1.1,200,2.65:::secs:,2.65,389:::bytes,Err:510,/OAI-XMLFile-2.21/XMLFile/w12/oai.pl?verb=GetRecord&metadataPrefix=oai_dc&identifier=oai-union.ndltd.org-CHENGCHI--B2002008312.metadata[0m,OAI-XMLFile-2.21,XMLFile,w12,oai.pl?verb,GetRecord&metadataPrefix,oai_dc&identifier,oai-union.ndltd.org-CHENGCHI--B2002008312.metadata[0m
[0;34mHTTP/1.1,200,2.63:::secs:,2.63,389:::bytes,Err:510,/OAI-XMLFile-2.21/XMLFile/w12/oai.pl?verb=GetRecord&metadataPrefix=oai_dc&identifier=oai-union.ndltd.org-CHENGCHI--B2002008312.metadata[0m,OAI-XMLFile-2.21,XMLFile,w12,oai.pl?verb,GetRecord&metadataPrefix,oai_dc&identifier,oai-union.ndltd.org-CHENGCHI--B2002008312.metadata[0m
[0;34mHTTP/1.1,200,2.66:::secs:,2.66,389:::bytes,Err:510,/OAI-XMLFile-2.21/XMLFile/w12/oai.pl?verb=GetRecord&metadataPrefix=oai_dc&identifier=oai-union.ndltd.org-CHENGCHI--B2002008312.metadata[0m,OAI-XMLFile-2.21,XMLFile,w12,oai.pl?verb,GetRecord&metadataPrefix,oai_dc&identifier,oai-union.ndltd.org-CHENGCHI--B2002008312.metadata[0m
[0;34mHTTP/1.1,200,2.65:::secs:,2.65,387:::bytes,Err:510,/OAI-XMLFile-2.21/XMLFile/w12/oai.pl?verb=GetRecord&metadataPrefix=oai_dc&identifier=oai-union.ndltd.org-CHENGCHI--B2002008312.metadata[0m,OAI-XMLFile-2.21,XMLFile,w12,oai.pl?verb,GetRecord&metadataPrefix,oai_dc&identifier,oai-union.ndltd.org-CHENGCHI--B2002008312.metadata[0m
[0;34mHTTP/1.1,200,185.46:::secs:,185.46,896935:::bytes,Err:510,/OAI-XMLFile-2.21/XMLFile/w13/oai.pl?verb=ListRecords&metadataPrefix=oai_dc[0m,OAI-XMLFile-2.21,XMLFile,w13,oai.pl?verb,ListRecords&metadataPrefix,oai_dc[0m,
[0;34mHTTP/1.1,200,147.83:::secs:,147.83,896935:::bytes,Err:510,/OAI-XMLFile-2.21/XMLFile/w13/oai.pl?verb=ListRecords&metadataPrefix=oai_dc[0m,OAI-XMLFile-2.21,XMLFile,w13,oai.pl?verb,ListRecords&metadataPrefix,oai_dc[0m,
[0;34mHTTP/1.1,200,152.61:::secs:,152.61,896935:::bytes,Err:510,/OAI-XMLFile-2.21/XMLFile/w13/oai.pl?verb=ListRecords&metadataPrefix=oai_dc[0m,OAI-XMLFile-2.21,XMLFile,w13,oai.pl?verb,ListRecords&metadataPrefix,oai_dc[0m,
[0;34mHTTP/1.1,200,148.73:::secs:,148.73,896935:::bytes,Err:510,/OAI-XMLFile-2.21/XMLFile/w13/oai.pl?verb=ListRecords&metadataPrefix=oai_dc[0m,OAI-XMLFile-2.21,XMLFile,w13,oai.pl?verb,ListRecords&metadataPrefix,oai_dc[0m,
[0;34mHTTP/1.1,200,156.54:::secs:,156.54,896935:::bytes,Err:510,/OAI-XMLFile-2.21/XMLFile/w13/oai.pl?verb=ListRecords&metadataPrefix=oai_dc[0m,OAI-XMLFile-2.21,XMLFile,w13,oai.pl?verb,ListRecords&metadataPrefix,oai_dc[0m,
[0;34mHTTP/1.1,200,141.48:::secs:,141.48,5814:::bytes,Err:510,/OAI-XMLFile-2.21/XMLFile/w13/oai.pl?verb=ListIdentifiers&metadataPrefix=oai_dc[0m,OAI-XMLFile-2.21,XMLFile,w13,oai.pl?verb,ListIdentifiers&metadataPrefix,oai_dc[0m,
[0;34mHTTP/1.1,200,142.09:::secs:,142.09,5812:::bytes,Err:510,/OAI-XMLFile-2.21/XMLFile/w13/oai.pl?verb=ListIdentifiers&metadataPrefix=oai_dc[0m,OAI-XMLFile-2.21,XMLFile,w13,oai.pl?verb,ListIdentifiers&metadataPrefix,oai_dc[0m,
[0;34mHTTP/1.1,200,143.05:::secs:,143.05,5812:::bytes,Err:510,/OAI-XMLFile-2.21/XMLFile/w13/oai.pl?verb=ListIdentifiers&metadataPrefix=oai_dc[0m,OAI-XMLFile-2.21,XMLFile,w13,oai.pl?verb,ListIdentifiers&metadataPrefix,oai_dc[0m,
[0;34mHTTP/1.1,200,146.62:::secs:,146.62,5813:::bytes,Err:510,/OAI-XMLFile-2.21/XMLFile/w13/oai.pl?verb=ListIdentifiers&metadataPrefix=oai_dc[0m,OAI-XMLFile-2.21,XMLFile,w13,oai.pl?verb,ListIdentifiers&metadataPrefix,oai_dc[0m,
[0;34mHTTP/1.1,200,146.72:::secs:,146.72,5812:::bytes,Err:510,/OAI-XMLFile-2.21/XMLFile/w13/oai.pl?verb=ListIdentifiers&metadataPrefix=oai_dc[0m,OAI-XMLFile-2.21,XMLFile,w13,oai.pl?verb,ListIdentifiers&metadataPrefix,oai_dc[0m,
[0;34mHTTP/1.1,200,2.29:::secs:,2.29,22806:::bytes,Err:510,/OAI-XMLFile-2.21/XMLFile/w13/oai.pl?verb=ListSets[0m,OAI-XMLFile-2.21,XMLFile,w13,oai.pl?verb,ListSets[0m,,
[0;34mHTTP/1.1,200,2.28:::secs:,2.28,22806:::bytes,Err:510,/OAI-XMLFile-2.21/XMLFile/w13/oai.pl?verb=ListSets[0m,OAI-XMLFile-2.21,XMLFile,w13,oai.pl?verb,ListSets[0m,,
[0;34mHTTP/1.1,200,2.28:::secs:,2.28,22807:::bytes,Err:510,/OAI-XMLFile-2.21/XMLFile/w13/oai.pl?verb=ListSets[0m,OAI-XMLFile-2.21,XMLFile,w13,oai.pl?verb,ListSets[0m,,
[0;34mHTTP/1.1,200,2.28:::secs:,2.28,22807:::bytes,Err:510,/OAI-XMLFile-2.21/XMLFile/w13/oai.pl?verb=ListSets[0m,OAI-XMLFile-2.21,XMLFile,w13,oai.pl?verb,ListSets[0m,,
[0;34mHTTP/1.1,200,2.29:::secs:,2.29,22807:::bytes,Err:510,/OAI-XMLFile-2.21/XMLFile/w13/oai.pl?verb=ListSets[0m,OAI-XMLFile-2.21,XMLFile,w13,oai.pl?verb,ListSets[0m,,
[0;34mHTTP/1.1,200,5.20:::secs:,5.2,399:::bytes,Err:510,/OAI-XMLFile-2.21/XMLFile/w13/oai.pl?verb=GetRecord&metadataPrefix=oai_dc&identifier=oai-union.ndltd.org-TDX_URL--oai-www.tdx.cat-10803--9200.metadata[0m,OAI-XMLFile-2.21,XMLFile,w13,oai.pl?verb,GetRecord&metadataPrefix,oai_dc&identifier,oai-union.ndltd.org-TDX_URL--oai-www.tdx.cat-10803--9200.metadata[0m
[0;34mHTTP/1.1,200,5.24:::secs:,5.24,399:::bytes,Err:510,/OAI-XMLFile-2.21/XMLFile/w13/oai.pl?verb=GetRecord&metadataPrefix=oai_dc&identifier=oai-union.ndltd.org-TDX_URL--oai-www.tdx.cat-10803--9200.metadata[0m,OAI-XMLFile-2.21,XMLFile,w13,oai.pl?verb,GetRecord&metadataPrefix,oai_dc&identifier,oai-union.ndltd.org-TDX_URL--oai-www.tdx.cat-10803--9200.metadata[0m
[0;34mHTTP/1.1,200,5.25:::secs:,5.25,399:::bytes,Err:510,/OAI-XMLFile-2.21/XMLFile/w13/oai.pl?verb=GetRecord&metadataPrefix=oai_dc&identifier=oai-union.ndltd.org-TDX_URL--oai-www.tdx.cat-10803--9200.metadata[0m,OAI-XMLFile-2.21,XMLFile,w13,oai.pl?verb,GetRecord&metadataPrefix,oai_dc&identifier,oai-union.ndltd.org-TDX_URL--oai-www.tdx.cat-10803--9200.metadata[0m
[0;34mHTTP/1.1,200,5.28:::secs:,5.28,399:::bytes,Err:510,/OAI-XMLFile-2.21/XMLFile/w13/oai.pl?verb=GetRecord&metadataPrefix=oai_dc&identifier=oai-union.ndltd.org-TDX_URL--oai-www.tdx.cat-10803--9200.metadata[0m,OAI-XMLFile-2.21,XMLFile,w13,oai.pl?verb,GetRecord&metadataPrefix,oai_dc&identifier,oai-union.ndltd.org-TDX_URL--oai-www.tdx.cat-10803--9200.metadata[0m
[0;34mHTTP/1.1,200,5.24:::secs:,5.24,399:::bytes,Err:510,/OAI-XMLFile-2.21/XMLFile/w13/oai.pl?verb=GetRecord&metadataPrefix=oai_dc&identifier=oai-union.ndltd.org-TDX_URL--oai-www.tdx.cat-10803--9200.metadata[0m,OAI-XMLFile-2.21,XMLFile,w13,oai.pl?verb,GetRecord&metadataPrefix,oai_dc&identifier,oai-union.ndltd.org-TDX_URL--oai-www.tdx.cat-10803--9200.metadata[0m
[0;34mHTTP/1.1,200,5.22:::secs:,5.22,388:::bytes,Err:510,/OAI-XMLFile-2.21/XMLFile/w13/oai.pl?verb=GetRecord&metadataPrefix=oai_dc&identifier=oai-union.ndltd.org-CHENGCHI--B2002008312.metadata[0m,OAI-XMLFile-2.21,XMLFile,w13,oai.pl?verb,GetRecord&metadataPrefix,oai_dc&identifier,oai-union.ndltd.org-CHENGCHI--B2002008312.metadata[0m
[0;34mHTTP/1.1,200,5.22:::secs:,5.22,391:::bytes,Err:510,/OAI-XMLFile-2.21/XMLFile/w13/oai.pl?verb=GetRecord&metadataPrefix=oai_dc&identifier=oai-union.ndltd.org-CHENGCHI--B2002008312.metadata[0m,OAI-XMLFile-2.21,XMLFile,w13,oai.pl?verb,GetRecord&metadataPrefix,oai_dc&identifier,oai-union.ndltd.org-CHENGCHI--B2002008312.metadata[0m
[0;34mHTTP/1.1,200,5.21:::secs:,5.21,388:::bytes,Err:510,/OAI-XMLFile-2.21/XMLFile/w13/oai.pl?verb=GetRecord&metadataPrefix=oai_dc&identifier=oai-union.ndltd.org-CHENGCHI--B2002008312.metadata[0m,OAI-XMLFile-2.21,XMLFile,w13,oai.pl?verb,GetRecord&metadataPrefix,oai_dc&identifier,oai-union.ndltd.org-CHENGCHI--B2002008312.metadata[0m
[0;34mHTTP/1.1,200,5.23:::secs:,5.23,388:::bytes,Err:510,/OAI-XMLFile-2.21/XMLFile/w13/oai.pl?verb=GetRecord&metadataPrefix=oai_dc&identifier=oai-union.ndltd.org-CHENGCHI--B2002008312.metadata[0m,OAI-XMLFile-2.21,XMLFile,w13,oai.pl?verb,GetRecord&metadataPrefix,oai_dc&identifier,oai-union.ndltd.org-CHENGCHI--B2002008312.metadata[0m
[0;34mHTTP/1.1,200,5.24:::secs:,5.24,387:::bytes,Err:510,/OAI-XMLFile-2.21/XMLFile/w13/oai.pl?verb=GetRecord&metadataPrefix=oai_dc&identifier=oai-union.ndltd.org-CHENGCHI--B2002008312.metadata[0m,OAI-XMLFile-2.21,XMLFile,w13,oai.pl?verb,GetRecord&metadataPrefix,oai_dc&identifier,oai-union.ndltd.org-CHENGCHI--B2002008312.metadata[0m
[0;34mHTTP/1.1,200,445.35:::secs:,445.35,1073528:::bytes,Err:510,/OAI-XMLFile-2.21/XMLFile/w14/oai.pl?verb=ListRecords&metadataPrefix=oai_dc[0m,OAI-XMLFile-2.21,XMLFile,w14,oai.pl?verb,ListRecords&metadataPrefix,oai_dc[0m,
[0;34mHTTP/1.1,200,425.54:::secs:,425.54,1073528:::bytes,Err:510,/OAI-XMLFile-2.21/XMLFile/w14/oai.pl?verb=ListRecords&metadataPrefix=oai_dc[0m,OAI-XMLFile-2.21,XMLFile,w14,oai.pl?verb,ListRecords&metadataPrefix,oai_dc[0m,
[0;34mHTTP/1.1,200,428.54:::secs:,428.54,1073528:::bytes,Err:510,/OAI-XMLFile-2.21/XMLFile/w14/oai.pl?verb=ListRecords&metadataPrefix=oai_dc[0m,OAI-XMLFile-2.21,XMLFile,w14,oai.pl?verb,ListRecords&metadataPrefix,oai_dc[0m,
[0;34mHTTP/1.1,200,453.39:::secs:,453.39,1073527:::bytes,Err:510,/OAI-XMLFile-2.21/XMLFile/w14/oai.pl?verb=ListRecords&metadataPrefix=oai_dc[0m,OAI-XMLFile-2.21,XMLFile,w14,oai.pl?verb,ListRecords&metadataPrefix,oai_dc[0m,
[0;34mHTTP/1.1,200,471.71:::secs:,471.71,1073524:::bytes,Err:510,/OAI-XMLFile-2.21/XMLFile/w14/oai.pl?verb=ListRecords&metadataPrefix=oai_dc[0m,OAI-XMLFile-2.21,XMLFile,w14,oai.pl?verb,ListRecords&metadataPrefix,oai_dc[0m,
[0;34mHTTP/1.1,200,432.59:::secs:,432.59,6138:::bytes,Err:510,/OAI-XMLFile-2.21/XMLFile/w14/oai.pl?verb=ListIdentifiers&metadataPrefix=oai_dc[0m,OAI-XMLFile-2.21,XMLFile,w14,oai.pl?verb,ListIdentifiers&metadataPrefix,oai_dc[0m,
[0;34mHTTP/1.1,200,470.88:::secs:,470.88,6138:::bytes,Err:510,/OAI-XMLFile-2.21/XMLFile/w14/oai.pl?verb=ListIdentifiers&metadataPrefix=oai_dc[0m,OAI-XMLFile-2.21,XMLFile,w14,oai.pl?verb,ListIdentifiers&metadataPrefix,oai_dc[0m,
[0;34mHTTP/1.1,200,435.17:::secs:,435.17,6139:::bytes,Err:510,/OAI-XMLFile-2.21/XMLFile/w14/oai.pl?verb=ListIdentifiers&metadataPrefix=oai_dc[0m,OAI-XMLFile-2.21,XMLFile,w14,oai.pl?verb,ListIdentifiers&metadataPrefix,oai_dc[0m,
[0;34mHTTP/1.1,200,457.24:::secs:,457.24,6139:::bytes,Err:510,/OAI-XMLFile-2.21/XMLFile/w14/oai.pl?verb=ListIdentifiers&metadataPrefix=oai_dc[0m,OAI-XMLFile-2.21,XMLFile,w14,oai.pl?verb,ListIdentifiers&metadataPrefix,oai_dc[0m,
[0;34mHTTP/1.1,200,452.32:::secs:,452.32,6139:::bytes,Err:510,/OAI-XMLFile-2.21/XMLFile/w14/oai.pl?verb=ListIdentifiers&metadataPrefix=oai_dc[0m,OAI-XMLFile-2.21,XMLFile,w14,oai.pl?verb,ListIdentifiers&metadataPrefix,oai_dc[0m,
[0;34mHTTP/1.1,200,53.84:::secs:,53.84,25571:::bytes,Err:510,/OAI-XMLFile-2.21/XMLFile/w14/oai.pl?verb=ListSets[0m,OAI-XMLFile-2.21,XMLFile,w14,oai.pl?verb,ListSets[0m,,
[0;34mHTTP/1.1,200,54.22:::secs:,54.22,25572:::bytes,Err:510,/OAI-XMLFile-2.21/XMLFile/w14/oai.pl?verb=ListSets[0m,OAI-XMLFile-2.21,XMLFile,w14,oai.pl?verb,ListSets[0m,,
[0;34mHTTP/1.1,200,55.45:::secs:,55.45,25571:::bytes,Err:510,/OAI-XMLFile-2.21/XMLFile/w14/oai.pl?verb=ListSets[0m,OAI-XMLFile-2.21,XMLFile,w14,oai.pl?verb,ListSets[0m,,
[0;34mHTTP/1.1,200,55.19:::secs:,55.19,25570:::bytes,Err:510,/OAI-XMLFile-2.21/XMLFile/w14/oai.pl?verb=ListSets[0m,OAI-XMLFile-2.21,XMLFile,w14,oai.pl?verb,ListSets[0m,,
[0;34mHTTP/1.1,200,53.11:::secs:,53.11,25572:::bytes,Err:510,/OAI-XMLFile-2.21/XMLFile/w14/oai.pl?verb=ListSets[0m,OAI-XMLFile-2.21,XMLFile,w14,oai.pl?verb,ListSets[0m,,
[0;34mHTTP/1.1,200,58.47:::secs:,58.47,384:::bytes,Err:510,/OAI-XMLFile-2.21/XMLFile/w14/oai.pl?verb=GetRecord&metadataPrefix=oai_dc&identifier=oai-union.ndltd.org-ADTP--255700.metadata[0m,OAI-XMLFile-2.21,XMLFile,w14,oai.pl?verb,GetRecord&metadataPrefix,oai_dc&identifier,oai-union.ndltd.org-ADTP--255700.metadata[0m
[0;34mHTTP/1.1,200,57.40:::secs:,57.4,385:::bytes,Err:510,/OAI-XMLFile-2.21/XMLFile/w14/oai.pl?verb=GetRecord&metadataPrefix=oai_dc&identifier=oai-union.ndltd.org-ADTP--255700.metadata[0m,OAI-XMLFile-2.21,XMLFile,w14,oai.pl?verb,GetRecord&metadataPrefix,oai_dc&identifier,oai-union.ndltd.org-ADTP--255700.metadata[0m
[0;34mHTTP/1.1,200,59.49:::secs:,59.49,385:::bytes,Err:510,/OAI-XMLFile-2.21/XMLFile/w14/oai.pl?verb=GetRecord&metadataPrefix=oai_dc&identifier=oai-union.ndltd.org-ADTP--255700.metadata[0m,OAI-XMLFile-2.21,XMLFile,w14,oai.pl?verb,GetRecord&metadataPrefix,oai_dc&identifier,oai-union.ndltd.org-ADTP--255700.metadata[0m
[0;34mHTTP/1.1,200,56.65:::secs:,56.65,385:::bytes,Err:510,/OAI-XMLFile-2.21/XMLFile/w14/oai.pl?verb=GetRecord&metadataPrefix=oai_dc&identifier=oai-union.ndltd.org-ADTP--255700.metadata[0m,OAI-XMLFile-2.21,XMLFile,w14,oai.pl?verb,GetRecord&metadataPrefix,oai_dc&identifier,oai-union.ndltd.org-ADTP--255700.metadata[0m
[0;34mHTTP/1.1,200,57.59:::secs:,57.59,384:::bytes,Err:510,/OAI-XMLFile-2.21/XMLFile/w14/oai.pl?verb=GetRecord&metadataPrefix=oai_dc&identifier=oai-union.ndltd.org-ADTP--255700.metadata[0m,OAI-XMLFile-2.21,XMLFile,w14,oai.pl?verb,GetRecord&metadataPrefix,oai_dc&identifier,oai-union.ndltd.org-ADTP--255700.metadata[0m
[0;34mHTTP/1.1,200,57.10:::secs:,57.1,387:::bytes,Err:510,/OAI-XMLFile-2.21/XMLFile/w14/oai.pl?verb=GetRecord&metadataPrefix=oai_dc&identifier=oai-union.ndltd.org-CHENGCHI--B2002008312.metadata[0m,OAI-XMLFile-2.21,XMLFile,w14,oai.pl?verb,GetRecord&metadataPrefix,oai_dc&identifier,oai-union.ndltd.org-CHENGCHI--B2002008312.metadata[0m
[0;34mHTTP/1.1,200,58.93:::secs:,58.93,387:::bytes,Err:510,/OAI-XMLFile-2.21/XMLFile/w14/oai.pl?verb=GetRecord&metadataPrefix=oai_dc&identifier=oai-union.ndltd.org-CHENGCHI--B2002008312.metadata[0m,OAI-XMLFile-2.21,XMLFile,w14,oai.pl?verb,GetRecord&metadataPrefix,oai_dc&identifier,oai-union.ndltd.org-CHENGCHI--B2002008312.metadata[0m
[0;34mHTTP/1.1,200,57.07:::secs:,57.07,388:::bytes,Err:510,/OAI-XMLFile-2.21/XMLFile/w14/oai.pl?verb=GetRecord&metadataPrefix=oai_dc&identifier=oai-union.ndltd.org-CHENGCHI--B2002008312.metadata[0m,OAI-XMLFile-2.21,XMLFile,w14,oai.pl?verb,GetRecord&metadataPrefix,oai_dc&identifier,oai-union.ndltd.org-CHENGCHI--B2002008312.metadata[0m
[0;34mHTTP/1.1,200,58.38:::secs:,58.38,389:::bytes,Err:510,/OAI-XMLFile-2.21/XMLFile/w14/oai.pl?verb=GetRecord&metadataPrefix=oai_dc&identifier=oai-union.ndltd.org-CHENGCHI--B2002008312.metadata[0m,OAI-XMLFile-2.21,XMLFile,w14,oai.pl?verb,GetRecord&metadataPrefix,oai_dc&identifier,oai-union.ndltd.org-CHENGCHI--B2002008312.metadata[0m
[0;34mHTTP/1.1,200,56.40:::secs:,56.4,388:::bytes,Err:510,/OAI-XMLFile-2.21/XMLFile/w14/oai.pl?verb=GetRecord&metadataPrefix=oai_dc&identifier=oai-union.ndltd.org-CHENGCHI--B2002008312.metadata[0m,OAI-XMLFile-2.21,XMLFile,w14,oai.pl?verb,GetRecord&metadataPrefix,oai_dc&identifier,oai-union.ndltd.org-CHENGCHI--B2002008312.metadata[0m
[0;34mHTTP/1.1,200,1005.01:::secs:,1005.01,1046158:::bytes,Err:510,/OAI-XMLFile-2.21/XMLFile/w15/oai.pl?verb=ListRecords&metadataPrefix=oai_dc[0m,OAI-XMLFile-2.21,XMLFile,w15,oai.pl?verb,ListRecords&metadataPrefix,oai_dc[0m,
[0;34mHTTP/1.1,200,954.68:::secs:,954.68,1046158:::bytes,Err:510,/OAI-XMLFile-2.21/XMLFile/w15/oai.pl?verb=ListRecords&metadataPrefix=oai_dc[0m,OAI-XMLFile-2.21,XMLFile,w15,oai.pl?verb,ListRecords&metadataPrefix,oai_dc[0m,
[0;34mHTTP/1.1,200,977.41:::secs:,977.41,1046159:::bytes,Err:510,/OAI-XMLFile-2.21/XMLFile/w15/oai.pl?verb=ListRecords&metadataPrefix=oai_dc[0m,OAI-XMLFile-2.21,XMLFile,w15,oai.pl?verb,ListRecords&metadataPrefix,oai_dc[0m,
[0;34mHTTP/1.1,200,951.68:::secs:,951.68,1046155:::bytes,Err:510,/OAI-XMLFile-2.21/XMLFile/w15/oai.pl?verb=ListRecords&metadataPrefix=oai_dc[0m,OAI-XMLFile-2.21,XMLFile,w15,oai.pl?verb,ListRecords&metadataPrefix,oai_dc[0m,
[0;34mHTTP/1.1,200,1060.94:::secs:,1060.94,1046156:::bytes,Err:510,/OAI-XMLFile-2.21/XMLFile/w15/oai.pl?verb=ListRecords&metadataPrefix=oai_dc[0m,OAI-XMLFile-2.21,XMLFile,w15,oai.pl?verb,ListRecords&metadataPrefix,oai_dc[0m,
[0;34mHTTP/1.1,200,973.71:::secs:,973.71,6516:::bytes,Err:510,/OAI-XMLFile-2.21/XMLFile/w15/oai.pl?verb=ListIdentifiers&metadataPrefix=oai_dc[0m,OAI-XMLFile-2.21,XMLFile,w15,oai.pl?verb,ListIdentifiers&metadataPrefix,oai_dc[0m,
[0;34mHTTP/1.1,200,1052.02:::secs:,1052.02,6516:::bytes,Err:510,/OAI-XMLFile-2.21/XMLFile/w15/oai.pl?verb=ListIdentifiers&metadataPrefix=oai_dc[0m,OAI-XMLFile-2.21,XMLFile,w15,oai.pl?verb,ListIdentifiers&metadataPrefix,oai_dc[0m,
[0;34mHTTP/1.1,200,1049.53:::secs:,1049.53,6517:::bytes,Err:510,/OAI-XMLFile-2.21/XMLFile/w15/oai.pl?verb=ListIdentifiers&metadataPrefix=oai_dc[0m,OAI-XMLFile-2.21,XMLFile,w15,oai.pl?verb,ListIdentifiers&metadataPrefix,oai_dc[0m,
[0;34mHTTP/1.1,200,1193.01:::secs:,1193.01,6517:::bytes,Err:510,/OAI-XMLFile-2.21/XMLFile/w15/oai.pl?verb=ListIdentifiers&metadataPrefix=oai_dc[0m,OAI-XMLFile-2.21,XMLFile,w15,oai.pl?verb,ListIdentifiers&metadataPrefix,oai_dc[0m,
[0;34mHTTP/1.1,200,1130.72:::secs:,1130.72,6517:::bytes,Err:510,/OAI-XMLFile-2.21/XMLFile/w15/oai.pl?verb=ListIdentifiers&metadataPrefix=oai_dc[0m,OAI-XMLFile-2.21,XMLFile,w15,oai.pl?verb,ListIdentifiers&metadataPrefix,oai_dc[0m,
[0;34mHTTP/1.1,200,121.05:::secs:,121.05,28416:::bytes,Err:510,/OAI-XMLFile-2.21/XMLFile/w15/oai.pl?verb=ListSets[0m,OAI-XMLFile-2.21,XMLFile,w15,oai.pl?verb,ListSets[0m,,
[0;34mHTTP/1.1,200,121.63:::secs:,121.63,28416:::bytes,Err:510,/OAI-XMLFile-2.21/XMLFile/w15/oai.pl?verb=ListSets[0m,OAI-XMLFile-2.21,XMLFile,w15,oai.pl?verb,ListSets[0m,,
[0;34mHTTP/1.1,200,125.47:::secs:,125.47,28416:::bytes,Err:510,/OAI-XMLFile-2.21/XMLFile/w15/oai.pl?verb=ListSets[0m,OAI-XMLFile-2.21,XMLFile,w15,oai.pl?verb,ListSets[0m,,
[0;34mHTTP/1.1,200,126.05:::secs:,126.05,28416:::bytes,Err:510,/OAI-XMLFile-2.21/XMLFile/w15/oai.pl?verb=ListSets[0m,OAI-XMLFile-2.21,XMLFile,w15,oai.pl?verb,ListSets[0m,,
[0;34mHTTP/1.1,200,125.03:::secs:,125.03,28416:::bytes,Err:510,/OAI-XMLFile-2.21/XMLFile/w15/oai.pl?verb=ListSets[0m,OAI-XMLFile-2.21,XMLFile,w15,oai.pl?verb,ListSets[0m,,
[0;34mHTTP/1.1,200,128.98:::secs:,128.98,381:::bytes,Err:510,/OAI-XMLFile-2.21/XMLFile/w15/oai.pl?verb=GetRecord&metadataPrefix=oai_dc&identifier=oai-union.ndltd.org-ADTP--255700.metadata[0m,OAI-XMLFile-2.21,XMLFile,w15,oai.pl?verb,GetRecord&metadataPrefix,oai_dc&identifier,oai-union.ndltd.org-ADTP--255700.metadata[0m
[0;34mHTTP/1.1,200,128.00:::secs:,128,383:::bytes,Err:510,/OAI-XMLFile-2.21/XMLFile/w15/oai.pl?verb=GetRecord&metadataPrefix=oai_dc&identifier=oai-union.ndltd.org-ADTP--255700.metadata[0m,OAI-XMLFile-2.21,XMLFile,w15,oai.pl?verb,GetRecord&metadataPrefix,oai_dc&identifier,oai-union.ndltd.org-ADTP--255700.metadata[0m
[0;34mHTTP/1.1,200,128.28:::secs:,128.28,384:::bytes,Err:510,/OAI-XMLFile-2.21/XMLFile/w15/oai.pl?verb=GetRecord&metadataPrefix=oai_dc&identifier=oai-union.ndltd.org-ADTP--255700.metadata[0m,OAI-XMLFile-2.21,XMLFile,w15,oai.pl?verb,GetRecord&metadataPrefix,oai_dc&identifier,oai-union.ndltd.org-ADTP--255700.metadata[0m
[0;34mHTTP/1.1,200,129.40:::secs:,129.4,385:::bytes,Err:510,/OAI-XMLFile-2.21/XMLFile/w15/oai.pl?verb=GetRecord&metadataPrefix=oai_dc&identifier=oai-union.ndltd.org-ADTP--255700.metadata[0m,OAI-XMLFile-2.21,XMLFile,w15,oai.pl?verb,GetRecord&metadataPrefix,oai_dc&identifier,oai-union.ndltd.org-ADTP--255700.metadata[0m
[0;34mHTTP/1.1,200,130.34:::secs:,130.34,380:::bytes,Err:510,/OAI-XMLFile-2.21/XMLFile/w15/oai.pl?verb=GetRecord&metadataPrefix=oai_dc&identifier=oai-union.ndltd.org-ADTP--255700.metadata[0m,OAI-XMLFile-2.21,XMLFile,w15,oai.pl?verb,GetRecord&metadataPrefix,oai_dc&identifier,oai-union.ndltd.org-ADTP--255700.metadata[0m
[0;34mHTTP/1.1,200,134.36:::secs:,134.36,587:::bytes,Err:510,/OAI-XMLFile-2.21/XMLFile/w15/oai.pl?verb=GetRecord&metadataPrefix=oai_dc&identifier=oai-union.ndltd.org-CHENGCHI--B2002008312.metadata[0m,OAI-XMLFile-2.21,XMLFile,w15,oai.pl?verb,GetRecord&metadataPrefix,oai_dc&identifier,oai-union.ndltd.org-CHENGCHI--B2002008312.metadata[0m
[0;34mHTTP/1.1,200,131.04:::secs:,131.04,587:::bytes,Err:510,/OAI-XMLFile-2.21/XMLFile/w15/oai.pl?verb=GetRecord&metadataPrefix=oai_dc&identifier=oai-union.ndltd.org-CHENGCHI--B2002008312.metadata[0m,OAI-XMLFile-2.21,XMLFile,w15,oai.pl?verb,GetRecord&metadataPrefix,oai_dc&identifier,oai-union.ndltd.org-CHENGCHI--B2002008312.metadata[0m
[0;34mHTTP/1.1,200,133.51:::secs:,133.51,588:::bytes,Err:510,/OAI-XMLFile-2.21/XMLFile/w15/oai.pl?verb=GetRecord&metadataPrefix=oai_dc&identifier=oai-union.ndltd.org-CHENGCHI--B2002008312.metadata[0m,OAI-XMLFile-2.21,XMLFile,w15,oai.pl?verb,GetRecord&metadataPrefix,oai_dc&identifier,oai-union.ndltd.org-CHENGCHI--B2002008312.metadata[0m
[0;34mHTTP/1.1,200,128.65:::secs:,128.65,587:::bytes,Err:510,/OAI-XMLFile-2.21/XMLFile/w15/oai.pl?verb=GetRecord&metadataPrefix=oai_dc&identifier=oai-union.ndltd.org-CHENGCHI--B2002008312.metadata[0m,OAI-XMLFile-2.21,XMLFile,w15,oai.pl?verb,GetRecord&metadataPrefix,oai_dc&identifier,oai-union.ndltd.org-CHENGCHI--B2002008312.metadata[0m
[0;34mHTTP/1.1,200,129.27:::secs:,129.27,586:::bytes,Err:510,/OAI-XMLFile-2.21/XMLFile/w15/oai.pl?verb=GetRecord&metadataPrefix=oai_dc&identifier=oai-union.ndltd.org-CHENGCHI--B2002008312.metadata[0m,OAI-XMLFile-2.21,XMLFile,w15,oai.pl?verb,GetRecord&metadataPrefix,oai_dc&identifier,oai-union.ndltd.org-CHENGCHI--B2002008312.metadata[0m
